Geo,Year,PropUrbanSFDU,PropUrbanMFDU,PropUrbanGQDU,PropTownSFDU,PropTownMFDU,PropTownGQDU
510366001001,2024,0.00,0.00,0.00,0.30,1.00,1.00
510366001002,2024,0.00,0.00,0.00,0.30,1.00,1.00
510366002001,2024,0.00,0.00,0.00,0.30,1.00,1.00
510366002002,2024,0.00,0.00,0.00,0.30,1.00,1.00
510366003001,2024,0.00,0.00,0.00,0.30,1.00,1.00
510366003002,2024,0.00,0.00,0.00,0.30,1.00,1.00
510411001061,2024,1.00,1.00,1.00,0.00,0.00,0.00
510411001062,2024,1.00,1.00,1.00,0.00,0.00,0.00
510411001071,2024,1.00,1.00,1.00,0.00,0.00,0.00
510411001072,2024,1.00,1.00,1.00,0.00,0.00,0.00
510411002061,2024,1.00,1.00,1.00,0.00,0.00,0.00
510411002062,2024,1.00,1.00,1.00,0.00,0.00,0.00
510411002063,2024,1.00,1.00,1.00,0.00,0.00,0.00
510411002064,2024,1.00,1.00,1.00,0.00,0.00,0.00
510411002065,2024,1.00,1.00,1.00,0.00,0.00,0.00
510411002081,2024,1.00,1.00,1.00,0.00,0.00,0.00
510411002082,2024,1.00,1.00,1.00,0.00,0.00,0.00
510411002091,2024,1.00,1.00,1.00,0.00,0.00,0.00
510411002092,2024,1.00,1.00,1.00,0.00,0.00,0.00
510411002093,2024,1.00,1.00,1.00,0.00,0.00,0.00
510411002094,2024,1.00,1.00,1.00,0.00,0.00,0.00
510411002101,2024,1.00,1.00,1.00,0.00,0.00,0.00
510411002111,2024,1.00,1.00,1.00,0.00,0.00,0.00
510411002112,2024,1.00,1.00,1.00,0.00,0.00,0.00
510411002121,2024,1.00,1.00,1.00,0.00,0.00,0.00
510411002122,2024,1.00,1.00,1.00,0.00,0.00,0.00
510411002123,2024,1.00,1.00,1.00,0.00,0.00,0.00
510411003001,2024,1.00,1.00,1.00,0.00,0.00,0.00
510411003002,2024,1.00,1.00,1.00,0.00,0.00,0.00
510411004031,2024,1.00,1.00,1.00,0.00,0.00,0.00
510411004032,2024,1.00,1.00,1.00,0.00,0.00,0.00
510411004033,2024,1.00,1.00,1.00,0.00,0.00,0.00
510411004034,2024,1.00,1.00,1.00,0.00,0.00,0.00
510411004035,2024,1.00,1.00,1.00,0.00,0.00,0.00
510411004041,2024,1.00,1.00,1.00,0.00,0.00,0.00
510411004042,2024,1.00,1.00,1.00,0.00,0.00,0.00
510411004051,2024,1.00,1.00,1.00,0.00,0.00,0.00
510411004052,2024,1.00,1.00,1.00,0.00,0.00,0.00
510411004061,2024,1.00,1.00,1.00,0.00,0.00,0.00
510411004071,2024,1.00,1.00,1.00,0.00,0.00,0.00
510411004072,2024,1.00,1.00,1.00,0.00,0.00,0.00
510411004073,2024,1.00,1.00,1.00,0.00,0.00,0.00
510411004091,2024,1.00,1.00,1.00,0.00,0.00,0.00
510411004092,2024,1.00,1.00,1.00,0.00,0.00,0.00
510411004093,2024,1.00,1.00,1.00,0.00,0.00,0.00
510411004094,2024,1.00,1.00,1.00,0.00,0.00,0.00
510411004095,2024,1.00,1.00,1.00,0.00,0.00,0.00
510411004101,2024,1.00,1.00,1.00,0.00,0.00,0.00
510411004102,2024,1.00,1.00,1.00,0.00,0.00,0.00
510411005051,2024,1.00,1.00,1.00,0.00,0.00,0.00
510411005052,2024,1.00,1.00,1.00,0.00,0.00,0.00
510411005053,2024,1.00,1.00,1.00,0.00,0.00,0.00
510411005054,2024,1.00,1.00,1.00,0.00,0.00,0.00
510411005055,2024,1.00,1.00,1.00,0.00,0.00,0.00
510411005061,2024,1.00,1.00,1.00,0.00,0.00,0.00
510411005062,2024,1.00,1.00,1.00,0.00,0.00,0.00
510411005063,2024,1.00,1.00,1.00,0.00,0.00,0.00
510411005064,2024,1.00,1.00,1.00,0.00,0.00,0.00
510411005065,2024,1.00,1.00,1.00,0.00,0.00,0.00
510411005071,2024,1.00,1.00,1.00,0.00,0.00,0.00
510411005072,2024,1.00,1.00,1.00,0.00,0.00,0.00
510411005073,2024,1.00,1.00,1.00,0.00,0.00,0.00
510411005081,2024,1.00,1.00,1.00,0.00,0.00,0.00
510411005082,2024,1.00,1.00,1.00,0.00,0.00,0.00
510411005091,2024,1.00,1.00,1.00,0.00,0.00,0.00
510411005092,2024,1.00,1.00,1.00,0.00,0.00,0.00
510411005093,2024,1.00,1.00,1.00,0.00,0.00,0.00
510411005094,2024,1.00,1.00,1.00,0.00,0.00,0.00
510411005101,2024,1.00,1.00,1.00,0.00,0.00,0.00
510411005102,2024,1.00,1.00,1.00,0.00,0.00,0.00
510411006001,2024,1.00,1.00,1.00,0.00,0.00,0.00
510411006002,2024,1.00,1.00,1.00,0.00,0.00,0.00
510411006003,2024,1.00,1.00,1.00,0.00,0.00,0.00
510411007011,2024,1.00,1.00,1.00,0.00,0.00,0.00
510411007012,2024,1.00,1.00,1.00,0.00,0.00,0.00
510411007013,2024,1.00,1.00,1.00,0.00,0.00,0.00
510411007014,2024,1.00,1.00,1.00,0.00,0.00,0.00
510411007021,2024,1.00,1.00,1.00,0.00,0.00,0.00
510411007041,2024,1.00,1.00,1.00,0.00,0.00,0.00
510411007042,2024,1.00,1.00,1.00,0.00,0.00,0.00
510411007043,2024,0.00,0.00,0.00,1.00,1.00,1.00
510411007051,2024,0.00,0.00,0.00,1.00,1.00,1.00
510411007052,2024,0.00,0.00,0.00,1.00,1.00,1.00
510411008041,2024,1.00,1.00,1.00,0.00,0.00,0.00
510411008042,2024,1.00,1.00,1.00,0.00,0.00,0.00
510411008043,2024,1.00,1.00,1.00,0.00,0.00,0.00
510411008051,2024,1.00,1.00,1.00,0.00,0.00,0.00
510411008052,2024,1.00,1.00,1.00,0.00,0.00,0.00
510411008053,2024,1.00,1.00,1.00,0.00,0.00,0.00
510411008054,2024,1.00,1.00,1.00,0.00,0.00,0.00
510411008061,2024,1.00,1.00,1.00,0.00,0.00,0.00
510411008062,2024,1.00,1.00,1.00,0.00,0.00,0.00
510411008071,2024,1.00,1.00,1.00,0.00,0.00,0.00
510411008121,2024,1.00,1.00,1.00,0.00,0.00,0.00
510411008122,2024,1.00,1.00,1.00,0.00,0.00,0.00
510411008123,2024,1.00,1.00,1.00,0.00,0.00,0.00
510411008141,2024,1.00,1.00,1.00,0.00,0.00,0.00
510411008142,2024,1.00,1.00,1.00,0.00,0.00,0.00
510411008151,2024,1.00,1.00,1.00,0.00,0.00,0.00
510411008152,2024,1.00,1.00,1.00,0.00,0.00,0.00
510411008161,2024,1.00,1.00,1.00,0.00,0.00,0.00
510411008162,2024,1.00,1.00,1.00,0.00,0.00,0.00
510411008163,2024,1.00,1.00,1.00,0.00,0.00,0.00
510411008171,2024,1.00,1.00,1.00,0.00,0.00,0.00
510411008172,2024,1.00,1.00,1.00,0.00,0.00,0.00
510411008181,2024,1.00,1.00,1.00,0.00,0.00,0.00
510411008182,2024,1.00,1.00,1.00,0.00,0.00,0.00
510411008191,2024,1.00,1.00,1.00,0.00,0.00,0.00
510411008192,2024,1.00,1.00,1.00,0.00,0.00,0.00
510411008193,2024,1.00,1.00,1.00,0.00,0.00,0.00
510411008201,2024,1.00,1.00,1.00,0.00,0.00,0.00
510411008202,2024,1.00,1.00,1.00,0.00,0.00,0.00
510411008211,2024,1.00,1.00,1.00,0.00,0.00,0.00
510411008212,2024,0.00,0.00,0.00,0.30,1.00,1.00
510411008213,2024,0.00,0.00,0.00,0.30,1.00,1.00
510411008221,2024,1.00,1.00,1.00,0.00,0.00,0.00
510411008222,2024,0.00,0.00,0.00,0.30,1.00,1.00
510411008223,2024,1.00,1.00,1.00,0.00,0.00,0.00
510411008231,2024,1.00,1.00,1.00,0.00,0.00,0.00
510411008232,2024,1.00,1.00,1.00,0.00,0.00,0.00
510411008233,2024,1.00,1.00,1.00,0.00,0.00,0.00
510411009021,2024,1.00,1.00,1.00,0.00,0.00,0.00
510411009022,2024,1.00,1.00,1.00,0.00,0.00,0.00
510411009023,2024,1.00,1.00,1.00,0.00,0.00,0.00
510411009071,2024,1.00,1.00,1.00,0.00,0.00,0.00
510411009072,2024,1.00,1.00,1.00,0.00,0.00,0.00
510411009101,2024,1.00,1.00,1.00,0.00,0.00,0.00
510411009102,2024,1.00,1.00,1.00,0.00,0.00,0.00
510411009103,2024,1.00,1.00,1.00,0.00,0.00,0.00
510411009104,2024,1.00,1.00,1.00,0.00,0.00,0.00
510411009121,2024,1.00,1.00,1.00,0.00,0.00,0.00
510411009122,2024,1.00,1.00,1.00,0.00,0.00,0.00
510411009123,2024,1.00,1.00,1.00,0.00,0.00,0.00
510411009124,2024,1.00,1.00,1.00,0.00,0.00,0.00
510411009151,2024,1.00,1.00,1.00,0.00,0.00,0.00
510411009152,2024,1.00,1.00,1.00,0.00,0.00,0.00
510411009191,2024,1.00,1.00,1.00,0.00,0.00,0.00
510411009192,2024,1.00,1.00,1.00,0.00,0.00,0.00
510411009193,2024,1.00,1.00,1.00,0.00,0.00,0.00
510411009201,2024,1.00,1.00,1.00,0.00,0.00,0.00
510411009211,2024,1.00,1.00,1.00,0.00,0.00,0.00
510411009212,2024,1.00,1.00,1.00,0.00,0.00,0.00
510411009213,2024,1.00,1.00,1.00,0.00,0.00,0.00
510411009214,2024,1.00,1.00,1.00,0.00,0.00,0.00
510411009221,2024,1.00,1.00,1.00,0.00,0.00,0.00
510411009222,2024,1.00,1.00,1.00,0.00,0.00,0.00
510411009223,2024,1.00,1.00,1.00,0.00,0.00,0.00
510411009231,2024,1.00,1.00,1.00,0.00,0.00,0.00
510411009232,2024,1.00,1.00,1.00,0.00,0.00,0.00
510411009241,2024,1.00,1.00,1.00,0.00,0.00,0.00
510411009242,2024,1.00,1.00,1.00,0.00,0.00,0.00
510411009261,2024,1.00,1.00,1.00,0.00,0.00,0.00
510411009262,2024,1.00,1.00,1.00,0.00,0.00,0.00
510411009263,2024,1.00,1.00,1.00,0.00,0.00,0.00
510411009264,2024,1.00,1.00,1.00,0.00,0.00,0.00
510411009281,2024,1.00,1.00,1.00,0.00,0.00,0.00
510411009282,2024,1.00,1.00,1.00,0.00,0.00,0.00
510411009283,2024,1.00,1.00,1.00,0.00,0.00,0.00
510411009291,2024,1.00,1.00,1.00,0.00,0.00,0.00
510411009292,2024,1.00,1.00,1.00,0.00,0.00,0.00
510411009293,2024,1.00,1.00,1.00,0.00,0.00,0.00
510411009294,2024,1.00,1.00,1.00,0.00,0.00,0.00
510411009301,2024,1.00,1.00,1.00,0.00,0.00,0.00
510411009302,2024,1.00,1.00,1.00,0.00,0.00,0.00
510411009311,2024,1.00,1.00,1.00,0.00,0.00,0.00
510411009312,2024,1.00,1.00,1.00,0.00,0.00,0.00
510411009313,2024,1.00,1.00,1.00,0.00,0.00,0.00
510411009321,2024,1.00,1.00,1.00,0.00,0.00,0.00
510411009322,2024,1.00,1.00,1.00,0.00,0.00,0.00
510411009331,2024,1.00,1.00,1.00,0.00,0.00,0.00
510411009332,2024,1.00,1.00,1.00,0.00,0.00,0.00
510411009341,2024,1.00,1.00,1.00,0.00,0.00,0.00
510411009342,2024,1.00,1.00,1.00,0.00,0.00,0.00
510411009343,2024,1.00,1.00,1.00,0.00,0.00,0.00
510411009344,2024,1.00,1.00,1.00,0.00,0.00,0.00
510411009351,2024,1.00,1.00,1.00,0.00,0.00,0.00
510411009352,2024,1.00,1.00,1.00,0.00,0.00,0.00
510411009361,2024,1.00,1.00,1.00,0.00,0.00,0.00
510411009362,2024,1.00,1.00,1.00,0.00,0.00,0.00
510411009371,2024,1.00,1.00,1.00,0.00,0.00,0.00
510411009372,2024,1.00,1.00,1.00,0.00,0.00,0.00
510411009381,2024,1.00,1.00,1.00,0.00,0.00,0.00
510411009382,2024,1.00,1.00,1.00,0.00,0.00,0.00
510411010031,2024,1.00,1.00,1.00,0.00,0.00,0.00
510411010032,2024,1.00,1.00,1.00,0.00,0.00,0.00
510411010033,2024,1.00,1.00,1.00,0.00,0.00,0.00
510411010034,2024,1.00,1.00,1.00,0.00,0.00,0.00
510411010041,2024,1.00,1.00,1.00,0.00,0.00,0.00
510411010042,2024,0.00,0.00,0.00,0.30,1.00,1.00
510411010043,2024,0.00,0.00,0.00,0.30,1.00,1.00
510411010071,2024,1.00,1.00,1.00,0.00,0.00,0.00
510411010072,2024,1.00,1.00,1.00,0.00,0.00,0.00
510411010073,2024,1.00,1.00,1.00,0.00,0.00,0.00
510411010081,2024,1.00,1.00,1.00,0.00,0.00,0.00
510411010082,2024,1.00,1.00,1.00,0.00,0.00,0.00
510411010091,2024,1.00,1.00,1.00,0.00,0.00,0.00
510411010092,2024,1.00,1.00,1.00,0.00,0.00,0.00
510411010093,2024,0.00,0.00,0.00,0.30,1.00,1.00
510411010111,2024,1.00,1.00,1.00,0.00,0.00,0.00
510411010112,2024,1.00,1.00,1.00,0.00,0.00,0.00
510411010121,2024,1.00,1.00,1.00,0.00,0.00,0.00
510411010122,2024,1.00,1.00,1.00,0.00,0.00,0.00
510411010123,2024,1.00,1.00,1.00,0.00,0.00,0.00
510411010131,2024,0.00,0.00,0.00,1.00,1.00,1.00
510411010132,2024,1.00,1.00,1.00,0.00,0.00,0.00
510411010141,2024,0.00,0.00,0.00,1.00,1.00,1.00
510411010151,2024,0.00,0.00,0.00,0.30,1.00,1.00
510411010152,2024,1.00,1.00,1.00,0.00,0.00,0.00
510411010153,2024,1.00,1.00,1.00,0.00,0.00,0.00
510754001011,2024,0.00,0.00,0.00,1.00,1.00,1.00
510754001012,2024,0.00,0.00,0.00,1.00,1.00,1.00
510754001021,2024,0.00,0.00,0.00,1.00,1.00,1.00
510754001022,2024,0.00,0.00,0.00,1.00,1.00,1.00
510754002001,2024,0.00,0.00,0.00,1.00,1.00,1.00
510754002002,2024,0.00,0.00,0.00,1.00,1.00,1.00
510754002003,2024,0.00,0.00,0.00,0.30,1.00,1.00
510754002004,2024,0.00,0.00,0.00,0.30,1.00,1.00
510754003001,2024,0.00,0.00,0.00,0.30,1.00,1.00
510754004001,2024,0.00,0.00,0.00,0.30,1.00,1.00
510754004002,2024,0.00,0.00,0.00,0.30,1.00,1.00
510754004003,2024,0.00,0.00,0.00,0.30,1.00,1.00
510754004004,2024,0.00,0.00,0.00,0.30,1.00,1.00
510754005001,2024,0.00,0.00,0.00,0.30,1.00,1.00
510754005002,2024,0.00,0.00,0.00,0.30,1.00,1.00
510754005003,2024,0.00,0.00,0.00,0.30,1.00,1.00
510853201001,2024,0.00,0.00,0.00,0.30,1.00,1.00
510853201002,2024,0.00,0.00,0.00,0.30,1.00,1.00
510853201003,2024,0.00,0.00,0.00,0.30,1.00,1.00
510853201004,2024,0.00,0.00,0.00,0.30,1.00,1.00
510853202001,2024,0.00,0.00,0.00,0.30,1.00,1.00
510853202002,2024,0.00,0.00,0.00,0.30,1.00,1.00
510853202003,2024,0.00,0.00,0.00,0.30,1.00,1.00
510853203001,2024,0.00,0.00,0.00,1.00,1.00,1.00
510853203002,2024,0.00,0.00,0.00,1.00,1.00,1.00
510853203003,2024,0.00,0.00,0.00,1.00,1.00,1.00
510853204001,2024,0.00,0.00,0.00,0.30,1.00,1.00
510853204002,2024,0.00,0.00,0.00,1.00,1.00,1.00
510853204003,2024,1.00,1.00,1.00,0.00,0.00,0.00
510853205001,2024,0.00,0.00,0.00,0.30,1.00,1.00
510853205002,2024,0.00,0.00,0.00,1.00,1.00,1.00
510853205003,2024,0.00,0.00,0.00,1.00,1.00,1.00
510853206011,2024,0.00,0.00,0.00,0.30,1.00,1.00
510853206012,2024,0.00,0.00,0.00,0.30,1.00,1.00
510853206013,2024,0.00,0.00,0.00,0.30,1.00,1.00
510853206021,2024,1.00,1.00,1.00,0.00,0.00,0.00
510853206022,2024,1.00,1.00,1.00,0.00,0.00,0.00
510853207011,2024,0.00,0.00,0.00,1.00,1.00,1.00
510853207012,2024,0.00,0.00,0.00,0.30,1.00,1.00
510853207021,2024,0.00,0.00,0.00,1.00,1.00,1.00
510853207022,2024,0.00,0.00,0.00,0.30,1.00,1.00
510853208011,2024,1.00,1.00,1.00,0.00,0.00,0.00
510853208031,2024,0.00,0.00,0.00,1.00,1.00,1.00
510853208032,2024,0.00,0.00,0.00,1.00,1.00,1.00
510853208033,2024,0.00,0.00,0.00,1.00,1.00,1.00
510853208041,2024,0.00,0.00,0.00,1.00,1.00,1.00
510853208042,2024,1.00,1.00,1.00,0.00,0.00,0.00
510853208043,2024,0.00,0.00,0.00,1.00,1.00,1.00
510853208051,2024,1.00,1.00,1.00,0.00,0.00,0.00
510853208052,2024,1.00,1.00,1.00,0.00,0.00,0.00
510853209011,2024,1.00,1.00,1.00,0.00,0.00,0.00
510853209012,2024,0.00,0.00,0.00,1.00,1.00,1.00
510853209013,2024,1.00,1.00,1.00,0.00,0.00,0.00
510853209021,2024,1.00,1.00,1.00,0.00,0.00,0.00
510853209022,2024,1.00,1.00,1.00,0.00,0.00,0.00
510853210011,2024,1.00,1.00,1.00,0.00,0.00,0.00
510853210012,2024,1.00,1.00,1.00,0.00,0.00,0.00
510853210013,2024,1.00,1.00,1.00,0.00,0.00,0.00
510853210031,2024,1.00,1.00,1.00,0.00,0.00,0.00
510853210041,2024,0.00,0.00,0.00,0.30,1.00,1.00
510853210042,2024,1.00,1.00,1.00,0.00,0.00,0.00
510853210043,2024,1.00,1.00,1.00,0.00,0.00,0.00
510853211001,2024,1.00,1.00,1.00,0.00,0.00,0.00
510853211002,2024,1.00,1.00,1.00,0.00,0.00,0.00
510853211003,2024,1.00,1.00,1.00,0.00,0.00,0.00
510853212011,2024,1.00,1.00,1.00,0.00,0.00,0.00
510853212012,2024,1.00,1.00,1.00,0.00,0.00,0.00
510853212013,2024,1.00,1.00,1.00,0.00,0.00,0.00
510853212021,2024,1.00,1.00,1.00,0.00,0.00,0.00
510853212022,2024,1.00,1.00,1.00,0.00,0.00,0.00
510853212023,2024,1.00,1.00,1.00,0.00,0.00,0.00
510853213001,2024,1.00,1.00,1.00,0.00,0.00,0.00
510853213002,2024,1.00,1.00,1.00,0.00,0.00,0.00
510853213003,2024,1.00,1.00,1.00,0.00,0.00,0.00
510853213004,2024,1.00,1.00,1.00,0.00,0.00,0.00
510853214011,2024,0.00,0.00,0.00,0.30,1.00,1.00
510853214021,2024,1.00,1.00,1.00,0.00,0.00,0.00
510853214022,2024,0.00,0.00,0.00,1.00,1.00,1.00
510853214031,2024,0.00,0.00,0.00,0.30,1.00,1.00
510872001061,2024,1.00,1.00,1.00,0.00,0.00,0.00
510872001062,2024,1.00,1.00,1.00,0.00,0.00,0.00
510872001063,2024,1.00,1.00,1.00,0.00,0.00,0.00
510872001064,2024,1.00,1.00,1.00,0.00,0.00,0.00
510872001081,2024,1.00,1.00,1.00,0.00,0.00,0.00
510872001082,2024,1.00,1.00,1.00,0.00,0.00,0.00
510872001091,2024,1.00,1.00,1.00,0.00,0.00,0.00
510872001092,2024,1.00,1.00,1.00,0.00,0.00,0.00
510872001093,2024,1.00,1.00,1.00,0.00,0.00,0.00
510872001221,2024,1.00,1.00,1.00,0.00,0.00,0.00
510872001222,2024,1.00,1.00,1.00,0.00,0.00,0.00
510872001223,2024,1.00,1.00,1.00,0.00,0.00,0.00
510872001231,2024,0.00,0.00,0.00,1.00,1.00,1.00
510872001232,2024,1.00,1.00,1.00,0.00,0.00,0.00
510872001233,2024,1.00,1.00,1.00,0.00,0.00,0.00
510872001241,2024,1.00,1.00,1.00,0.00,0.00,0.00
510872001242,2024,1.00,1.00,1.00,0.00,0.00,0.00
510872001243,2024,1.00,1.00,1.00,0.00,0.00,0.00
510872001251,2024,1.00,1.00,1.00,0.00,0.00,0.00
510872001252,2024,1.00,1.00,1.00,0.00,0.00,0.00
510872001253,2024,1.00,1.00,1.00,0.00,0.00,0.00
510872001254,2024,1.00,1.00,1.00,0.00,0.00,0.00
510872001261,2024,1.00,1.00,1.00,0.00,0.00,0.00
510872001262,2024,1.00,1.00,1.00,0.00,0.00,0.00
510872001263,2024,1.00,1.00,1.00,0.00,0.00,0.00
510872001271,2024,1.00,1.00,1.00,0.00,0.00,0.00
510872001272,2024,1.00,1.00,1.00,0.00,0.00,0.00
510872001273,2024,1.00,1.00,1.00,0.00,0.00,0.00
510872001274,2024,1.00,1.00,1.00,0.00,0.00,0.00
510872001311,2024,1.00,1.00,1.00,0.00,0.00,0.00
510872001312,2024,1.00,1.00,1.00,0.00,0.00,0.00
510872001321,2024,1.00,1.00,1.00,0.00,0.00,0.00
510872001322,2024,1.00,1.00,1.00,0.00,0.00,0.00
510872001331,2024,0.00,0.00,0.00,1.00,1.00,1.00
510872001332,2024,1.00,1.00,1.00,0.00,0.00,0.00
510872001333,2024,1.00,1.00,1.00,0.00,0.00,0.00
510872001341,2024,1.00,1.00,1.00,0.00,0.00,0.00
510872001342,2024,1.00,1.00,1.00,0.00,0.00,0.00
510872001343,2024,1.00,1.00,1.00,0.00,0.00,0.00
510872001351,2024,1.00,1.00,1.00,0.00,0.00,0.00
510872001352,2024,1.00,1.00,1.00,0.00,0.00,0.00
510872001361,2024,1.00,1.00,1.00,0.00,0.00,0.00
510872001362,2024,0.00,0.00,0.00,1.00,1.00,1.00
510872001371,2024,1.00,1.00,1.00,0.00,0.00,0.00
510872001372,2024,1.00,1.00,1.00,0.00,0.00,0.00
510872001381,2024,1.00,1.00,1.00,0.00,0.00,0.00
510872001382,2024,1.00,1.00,1.00,0.00,0.00,0.00
510872001383,2024,1.00,1.00,1.00,0.00,0.00,0.00
510872001391,2024,0.00,0.00,0.00,1.00,1.00,1.00
510872001392,2024,1.00,1.00,1.00,0.00,0.00,0.00
510872001393,2024,0.00,0.00,0.00,1.00,1.00,1.00
510872001401,2024,0.00,0.00,0.00,1.00,1.00,1.00
510872001402,2024,0.00,0.00,0.00,1.00,1.00,1.00
510872001411,2024,1.00,1.00,1.00,0.00,0.00,0.00
510872001412,2024,1.00,1.00,1.00,0.00,0.00,0.00
510872001421,2024,1.00,1.00,1.00,0.00,0.00,0.00
510872001422,2024,1.00,1.00,1.00,0.00,0.00,0.00
510872001423,2024,1.00,1.00,1.00,0.00,0.00,0.00
510872001431,2024,1.00,1.00,1.00,0.00,0.00,0.00
510872001441,2024,1.00,1.00,1.00,0.00,0.00,0.00
510872001442,2024,1.00,1.00,1.00,0.00,0.00,0.00
510872001443,2024,1.00,1.00,1.00,0.00,0.00,0.00
510872001451,2024,0.00,0.00,0.00,1.00,1.00,1.00
510872001452,2024,1.00,1.00,1.00,0.00,0.00,0.00
510872001461,2024,1.00,1.00,1.00,0.00,0.00,0.00
510872001462,2024,1.00,1.00,1.00,0.00,0.00,0.00
510872001463,2024,0.00,0.00,0.00,0.30,1.00,1.00
510872001471,2024,1.00,1.00,1.00,0.00,0.00,0.00
510872001472,2024,1.00,1.00,1.00,0.00,0.00,0.00
510872001473,2024,0.00,0.00,0.00,1.00,1.00,1.00
510872001481,2024,0.00,0.00,0.00,0.30,1.00,1.00
510872001482,2024,1.00,1.00,1.00,0.00,0.00,0.00
510872001483,2024,1.00,1.00,1.00,0.00,0.00,0.00
510872001491,2024,1.00,1.00,1.00,0.00,0.00,0.00
510872001492,2024,1.00,1.00,1.00,0.00,0.00,0.00
510872001493,2024,1.00,1.00,1.00,0.00,0.00,0.00
510872001494,2024,1.00,1.00,1.00,0.00,0.00,0.00
510872001501,2024,1.00,1.00,1.00,0.00,0.00,0.00
510872001502,2024,1.00,1.00,1.00,0.00,0.00,0.00
510872001503,2024,1.00,1.00,1.00,0.00,0.00,0.00
510872001511,2024,1.00,1.00,1.00,0.00,0.00,0.00
510872001512,2024,1.00,1.00,1.00,0.00,0.00,0.00
510872001513,2024,1.00,1.00,1.00,0.00,0.00,0.00
510872001514,2024,1.00,1.00,1.00,0.00,0.00,0.00
510872001521,2024,1.00,1.00,1.00,0.00,0.00,0.00
510872001522,2024,1.00,1.00,1.00,0.00,0.00,0.00
510872001531,2024,1.00,1.00,1.00,0.00,0.00,0.00
510872001532,2024,1.00,1.00,1.00,0.00,0.00,0.00
510872001533,2024,1.00,1.00,1.00,0.00,0.00,0.00
510872002011,2024,1.00,1.00,1.00,0.00,0.00,0.00
510872002012,2024,1.00,1.00,1.00,0.00,0.00,0.00
510872002021,2024,1.00,1.00,1.00,0.00,0.00,0.00
510872002022,2024,1.00,1.00,1.00,0.00,0.00,0.00
510872002023,2024,1.00,1.00,1.00,0.00,0.00,0.00
510872002024,2024,1.00,1.00,1.00,0.00,0.00,0.00
510872003011,2024,1.00,1.00,1.00,0.00,0.00,0.00
510872003012,2024,1.00,1.00,1.00,0.00,0.00,0.00
510872003021,2024,1.00,1.00,1.00,0.00,0.00,0.00
510872003022,2024,1.00,1.00,1.00,0.00,0.00,0.00
510872003023,2024,1.00,1.00,1.00,0.00,0.00,0.00
510872003031,2024,1.00,1.00,1.00,0.00,0.00,0.00
510872003032,2024,1.00,1.00,1.00,0.00,0.00,0.00
510872003051,2024,1.00,1.00,1.00,0.00,0.00,0.00
510872003052,2024,1.00,1.00,1.00,0.00,0.00,0.00
510872003053,2024,1.00,1.00,1.00,0.00,0.00,0.00
510872004041,2024,1.00,1.00,1.00,0.00,0.00,0.00
510872004042,2024,1.00,1.00,1.00,0.00,0.00,0.00
510872004043,2024,1.00,1.00,1.00,0.00,0.00,0.00
510872004071,2024,1.00,1.00,1.00,0.00,0.00,0.00
510872004072,2024,1.00,1.00,1.00,0.00,0.00,0.00
510872004073,2024,1.00,1.00,1.00,0.00,0.00,0.00
510872004074,2024,1.00,1.00,1.00,0.00,0.00,0.00
510872004091,2024,1.00,1.00,1.00,0.00,0.00,0.00
510872004111,2024,1.00,1.00,1.00,0.00,0.00,0.00
510872004112,2024,1.00,1.00,1.00,0.00,0.00,0.00
510872004113,2024,1.00,1.00,1.00,0.00,0.00,0.00
510872004114,2024,1.00,1.00,1.00,0.00,0.00,0.00
510872004115,2024,1.00,1.00,1.00,0.00,0.00,0.00
510872004121,2024,1.00,1.00,1.00,0.00,0.00,0.00
510872004122,2024,1.00,1.00,1.00,0.00,0.00,0.00
510872004131,2024,1.00,1.00,1.00,0.00,0.00,0.00
510872004132,2024,1.00,1.00,1.00,0.00,0.00,0.00
510872004133,2024,1.00,1.00,1.00,0.00,0.00,0.00
510872004141,2024,1.00,1.00,1.00,0.00,0.00,0.00
510872004142,2024,1.00,1.00,1.00,0.00,0.00,0.00
510872004143,2024,1.00,1.00,1.00,0.00,0.00,0.00
510872004151,2024,0.00,0.00,0.00,1.00,1.00,1.00
510872004152,2024,1.00,1.00,1.00,0.00,0.00,0.00
510872004153,2024,0.00,0.00,0.00,1.00,1.00,1.00
510872004161,2024,1.00,1.00,1.00,0.00,0.00,0.00
510872004162,2024,1.00,1.00,1.00,0.00,0.00,0.00
510872004163,2024,1.00,1.00,1.00,0.00,0.00,0.00
510872004164,2024,1.00,1.00,1.00,0.00,0.00,0.00
510872004171,2024,1.00,1.00,1.00,0.00,0.00,0.00
510872004172,2024,1.00,1.00,1.00,0.00,0.00,0.00
510872004173,2024,1.00,1.00,1.00,0.00,0.00,0.00
510872004174,2024,1.00,1.00,1.00,0.00,0.00,0.00
510872004181,2024,1.00,1.00,1.00,0.00,0.00,0.00
510872004182,2024,1.00,1.00,1.00,0.00,0.00,0.00
510872004183,2024,1.00,1.00,1.00,0.00,0.00,0.00
510872005011,2024,1.00,1.00,1.00,0.00,0.00,0.00
510872005012,2024,1.00,1.00,1.00,0.00,0.00,0.00
510872005021,2024,1.00,1.00,1.00,0.00,0.00,0.00
510872005022,2024,1.00,1.00,1.00,0.00,0.00,0.00
510872005031,2024,1.00,1.00,1.00,0.00,0.00,0.00
510872005032,2024,1.00,1.00,1.00,0.00,0.00,0.00
510872005033,2024,1.00,1.00,1.00,0.00,0.00,0.00
510872006001,2024,1.00,1.00,1.00,0.00,0.00,0.00
510872006002,2024,1.00,1.00,1.00,0.00,0.00,0.00
510872006003,2024,1.00,1.00,1.00,0.00,0.00,0.00
510872006004,2024,1.00,1.00,1.00,0.00,0.00,0.00
510872007001,2024,1.00,1.00,1.00,0.00,0.00,0.00
510872007002,2024,1.00,1.00,1.00,0.00,0.00,0.00
510872007003,2024,1.00,1.00,1.00,0.00,0.00,0.00
510872007004,2024,1.00,1.00,1.00,0.00,0.00,0.00
510872008011,2024,1.00,1.00,1.00,0.00,0.00,0.00
510872008012,2024,1.00,1.00,1.00,0.00,0.00,0.00
510872008013,2024,1.00,1.00,1.00,0.00,0.00,0.00
510872008021,2024,1.00,1.00,1.00,0.00,0.00,0.00
510872008022,2024,1.00,1.00,1.00,0.00,0.00,0.00
510872008051,2024,1.00,1.00,1.00,0.00,0.00,0.00
510872008052,2024,1.00,1.00,1.00,0.00,0.00,0.00
510872008053,2024,1.00,1.00,1.00,0.00,0.00,0.00
510872008054,2024,1.00,1.00,1.00,0.00,0.00,0.00
510872008061,2024,1.00,1.00,1.00,0.00,0.00,0.00
510872008071,2024,1.00,1.00,1.00,0.00,0.00,0.00
510872008072,2024,1.00,1.00,1.00,0.00,0.00,0.00
510872008073,2024,1.00,1.00,1.00,0.00,0.00,0.00
510872008074,2024,1.00,1.00,1.00,0.00,0.00,0.00
510872009041,2024,1.00,1.00,1.00,0.00,0.00,0.00
510872009042,2024,1.00,1.00,1.00,0.00,0.00,0.00
510872009043,2024,1.00,1.00,1.00,0.00,0.00,0.00
510872009044,2024,1.00,1.00,1.00,0.00,0.00,0.00
510872009051,2024,1.00,1.00,1.00,0.00,0.00,0.00
510872009052,2024,1.00,1.00,1.00,0.00,0.00,0.00
510872009053,2024,1.00,1.00,1.00,0.00,0.00,0.00
510872009054,2024,1.00,1.00,1.00,0.00,0.00,0.00
510872009061,2024,1.00,1.00,1.00,0.00,0.00,0.00
510872009062,2024,1.00,1.00,1.00,0.00,0.00,0.00
510872009071,2024,0.00,0.00,0.00,1.00,1.00,1.00
510872009072,2024,1.00,1.00,1.00,0.00,0.00,0.00
510872009073,2024,1.00,1.00,1.00,0.00,0.00,0.00
510872009081,2024,1.00,1.00,1.00,0.00,0.00,0.00
510872009082,2024,1.00,1.00,1.00,0.00,0.00,0.00
510872010011,2024,1.00,1.00,1.00,0.00,0.00,0.00
510872010012,2024,1.00,1.00,1.00,0.00,0.00,0.00
510872010013,2024,1.00,1.00,1.00,0.00,0.00,0.00
510872010014,2024,1.00,1.00,1.00,0.00,0.00,0.00
510872010021,2024,1.00,1.00,1.00,0.00,0.00,0.00
510872010022,2024,1.00,1.00,1.00,0.00,0.00,0.00
510872010023,2024,1.00,1.00,1.00,0.00,0.00,0.00
510872010031,2024,0.00,0.00,0.00,1.00,1.00,1.00
510872010032,2024,1.00,1.00,1.00,0.00,0.00,0.00
510872010033,2024,1.00,1.00,1.00,0.00,0.00,0.00
510872011021,2024,1.00,1.00,1.00,0.00,0.00,0.00
510872011022,2024,1.00,1.00,1.00,0.00,0.00,0.00
510872011023,2024,1.00,1.00,1.00,0.00,0.00,0.00
510872011024,2024,1.00,1.00,1.00,0.00,0.00,0.00
510872011031,2024,1.00,1.00,1.00,0.00,0.00,0.00
510872011032,2024,0.00,0.00,0.00,1.00,1.00,1.00
510872011041,2024,1.00,1.00,1.00,0.00,0.00,0.00
510872011042,2024,1.00,1.00,1.00,0.00,0.00,0.00
510872012031,2024,1.00,1.00,1.00,0.00,0.00,0.00
510872012032,2024,1.00,1.00,1.00,0.00,0.00,0.00
510872012041,2024,1.00,1.00,1.00,0.00,0.00,0.00
510872012042,2024,1.00,1.00,1.00,0.00,0.00,0.00
510872012043,2024,1.00,1.00,1.00,0.00,0.00,0.00
510872012051,2024,1.00,1.00,1.00,0.00,0.00,0.00
510872012052,2024,1.00,1.00,1.00,0.00,0.00,0.00
510872012053,2024,1.00,1.00,1.00,0.00,0.00,0.00
510872012061,2024,1.00,1.00,1.00,0.00,0.00,0.00
510872012062,2024,1.00,1.00,1.00,0.00,0.00,0.00
510872014031,2024,1.00,1.00,1.00,0.00,0.00,0.00
510872014032,2024,1.00,1.00,1.00,0.00,0.00,0.00
510872014033,2024,1.00,1.00,1.00,0.00,0.00,0.00
510872014034,2024,1.00,1.00,1.00,0.00,0.00,0.00
510872014035,2024,1.00,1.00,1.00,0.00,0.00,0.00
510872014041,2024,0.00,0.00,0.00,0.30,1.00,1.00
510872014042,2024,0.00,0.00,0.00,0.30,1.00,1.00
510872014043,2024,0.00,0.00,0.00,0.30,1.00,1.00
510872014051,2024,1.00,1.00,1.00,0.00,0.00,0.00
510872014061,2024,1.00,1.00,1.00,0.00,0.00,0.00
510872014062,2024,1.00,1.00,1.00,0.00,0.00,0.00
510872014063,2024,1.00,1.00,1.00,0.00,0.00,0.00
510872014064,2024,1.00,1.00,1.00,0.00,0.00,0.00
510872015021,2024,0.00,0.00,0.00,1.00,1.00,1.00
510872015022,2024,0.00,0.00,0.00,1.00,1.00,1.00
510872015023,2024,0.00,0.00,0.00,1.00,1.00,1.00
510872015031,2024,1.00,1.00,1.00,0.00,0.00,0.00
510872015032,2024,1.00,1.00,1.00,0.00,0.00,0.00
510872015033,2024,1.00,1.00,1.00,0.00,0.00,0.00
510872015041,2024,1.00,1.00,1.00,0.00,0.00,0.00
510872015042,2024,1.00,1.00,1.00,0.00,0.00,0.00
510872015043,2024,1.00,1.00,1.00,0.00,0.00,0.00
510872016011,2024,0.00,0.00,0.00,0.30,1.00,1.00
510872016012,2024,0.00,0.00,0.00,0.30,1.00,1.00
510872016021,2024,1.00,1.00,1.00,0.00,0.00,0.00
510872016022,2024,1.00,1.00,1.00,0.00,0.00,0.00
510872016023,2024,1.00,1.00,1.00,0.00,0.00,0.00
510872016024,2024,1.00,1.00,1.00,0.00,0.00,0.00
510872017011,2024,1.00,1.00,1.00,0.00,0.00,0.00
510872017012,2024,0.00,0.00,0.00,1.00,1.00,1.00
510879801001,2024,0.00,0.00,0.00,1.00,1.00,1.00
511277001001,2024,0.00,0.00,0.00,0.30,1.00,1.00
511277001002,2024,0.00,0.00,0.00,0.30,1.00,1.00
511277001003,2024,0.00,0.00,0.00,0.30,1.00,1.00
511277002001,2024,0.00,0.00,0.00,0.30,1.00,1.00
511277002002,2024,0.00,0.00,0.00,0.30,1.00,1.00
511277002003,2024,0.00,0.00,0.00,0.30,1.00,1.00
511277002004,2024,0.00,0.00,0.00,0.30,1.00,1.00
511277003011,2024,0.00,0.00,0.00,0.30,1.00,1.00
511277003012,2024,0.00,0.00,0.00,1.00,1.00,1.00
511277003013,2024,0.00,0.00,0.00,0.30,1.00,1.00
511277003021,2024,0.00,0.00,0.00,0.30,1.00,1.00
511277003022,2024,0.00,0.00,0.00,1.00,1.00,1.00
511455001011,2024,1.00,1.00,1.00,0.00,0.00,0.00
511455001012,2024,1.00,1.00,1.00,0.00,0.00,0.00
511455001013,2024,0.00,0.00,0.00,0.30,1.00,1.00
511455001014,2024,0.00,0.00,0.00,0.30,1.00,1.00
511455001021,2024,0.00,0.00,0.00,0.30,1.00,1.00
511455001022,2024,1.00,1.00,1.00,0.00,0.00,0.00
511455001023,2024,0.00,0.00,0.00,1.00,1.00,1.00
511455002011,2024,0.00,0.00,0.00,0.30,1.00,1.00
511455002012,2024,0.00,0.00,0.00,0.30,1.00,1.00
511455002013,2024,0.00,0.00,0.00,0.30,1.00,1.00
511455002021,2024,0.00,0.00,0.00,0.30,1.00,1.00
511455002022,2024,0.00,0.00,0.00,0.30,1.00,1.00
511455003001,2024,0.00,0.00,0.00,0.30,1.00,1.00
511455004001,2024,0.00,0.00,0.00,0.30,1.00,1.00
511455004002,2024,0.00,0.00,0.00,0.30,1.00,1.00
511455004003,2024,0.00,0.00,0.00,0.30,1.00,1.00
517600102011,2024,1.00,1.00,1.00,0.00,0.00,0.00
517600102012,2024,1.00,1.00,1.00,0.00,0.00,0.00
517600102021,2024,1.00,1.00,1.00,0.00,0.00,0.00
517600102022,2024,1.00,1.00,1.00,0.00,0.00,0.00
517600103001,2024,1.00,1.00,1.00,0.00,0.00,0.00
517600104011,2024,1.00,1.00,1.00,0.00,0.00,0.00
517600104012,2024,1.00,1.00,1.00,0.00,0.00,0.00
517600104021,2024,1.00,1.00,1.00,0.00,0.00,0.00
517600104022,2024,1.00,1.00,1.00,0.00,0.00,0.00
517600104023,2024,1.00,1.00,1.00,0.00,0.00,0.00
517600105001,2024,1.00,1.00,1.00,0.00,0.00,0.00
517600105002,2024,1.00,1.00,1.00,0.00,0.00,0.00
517600106001,2024,1.00,1.00,1.00,0.00,0.00,0.00
517600107001,2024,1.00,1.00,1.00,0.00,0.00,0.00
517600107002,2024,1.00,1.00,1.00,0.00,0.00,0.00
517600107003,2024,1.00,1.00,1.00,0.00,0.00,0.00
517600108001,2024,1.00,1.00,1.00,0.00,0.00,0.00
517600108002,2024,1.00,1.00,1.00,0.00,0.00,0.00
517600108003,2024,1.00,1.00,1.00,0.00,0.00,0.00
517600109001,2024,1.00,1.00,1.00,0.00,0.00,0.00
517600109002,2024,1.00,1.00,1.00,0.00,0.00,0.00
517600109003,2024,1.00,1.00,1.00,0.00,0.00,0.00
517600109004,2024,1.00,1.00,1.00,0.00,0.00,0.00
517600110001,2024,1.00,1.00,1.00,0.00,0.00,0.00
517600110002,2024,1.00,1.00,1.00,0.00,0.00,0.00
517600110003,2024,1.00,1.00,1.00,0.00,0.00,0.00
517600111001,2024,1.00,1.00,1.00,0.00,0.00,0.00
517600111002,2024,1.00,1.00,1.00,0.00,0.00,0.00
517600111003,2024,1.00,1.00,1.00,0.00,0.00,0.00
517600111004,2024,1.00,1.00,1.00,0.00,0.00,0.00
517600201001,2024,1.00,1.00,1.00,0.00,0.00,0.00
517600202001,2024,1.00,1.00,1.00,0.00,0.00,0.00
517600202002,2024,1.00,1.00,1.00,0.00,0.00,0.00
517600203001,2024,1.00,1.00,1.00,0.00,0.00,0.00
517600203002,2024,1.00,1.00,1.00,0.00,0.00,0.00
517600204001,2024,1.00,1.00,1.00,0.00,0.00,0.00
517600204002,2024,1.00,1.00,1.00,0.00,0.00,0.00
517600204003,2024,1.00,1.00,1.00,0.00,0.00,0.00
517600204004,2024,1.00,1.00,1.00,0.00,0.00,0.00
517600204005,2024,1.00,1.00,1.00,0.00,0.00,0.00
517600205011,2024,1.00,1.00,1.00,0.00,0.00,0.00
517600205012,2024,1.00,1.00,1.00,0.00,0.00,0.00
517600205021,2024,1.00,1.00,1.00,0.00,0.00,0.00
517600205022,2024,1.00,1.00,1.00,0.00,0.00,0.00
517600205023,2024,1.00,1.00,1.00,0.00,0.00,0.00
517600206001,2024,1.00,1.00,1.00,0.00,0.00,0.00
517600206002,2024,1.00,1.00,1.00,0.00,0.00,0.00
517600207001,2024,1.00,1.00,1.00,0.00,0.00,0.00
517600207002,2024,1.00,1.00,1.00,0.00,0.00,0.00
517600208001,2024,1.00,1.00,1.00,0.00,0.00,0.00
517600208002,2024,1.00,1.00,1.00,0.00,0.00,0.00
517600209001,2024,1.00,1.00,1.00,0.00,0.00,0.00
517600209002,2024,1.00,1.00,1.00,0.00,0.00,0.00
517600209003,2024,1.00,1.00,1.00,0.00,0.00,0.00
517600209004,2024,1.00,1.00,1.00,0.00,0.00,0.00
517600210001,2024,1.00,1.00,1.00,0.00,0.00,0.00
517600210002,2024,1.00,1.00,1.00,0.00,0.00,0.00
517600211001,2024,1.00,1.00,1.00,0.00,0.00,0.00
517600212001,2024,1.00,1.00,1.00,0.00,0.00,0.00
517600301001,2024,1.00,1.00,1.00,0.00,0.00,0.00
517600301002,2024,1.00,1.00,1.00,0.00,0.00,0.00
517600302001,2024,1.00,1.00,1.00,0.00,0.00,0.00
517600302002,2024,1.00,1.00,1.00,0.00,0.00,0.00
517600302003,2024,1.00,1.00,1.00,0.00,0.00,0.00
517600302004,2024,1.00,1.00,1.00,0.00,0.00,0.00
517600305011,2024,1.00,1.00,1.00,0.00,0.00,0.00
517600305012,2024,1.00,1.00,1.00,0.00,0.00,0.00
517600305013,2024,1.00,1.00,1.00,0.00,0.00,0.00
517600305021,2024,1.00,1.00,1.00,0.00,0.00,0.00
517600305022,2024,1.00,1.00,1.00,0.00,0.00,0.00
517600402011,2024,1.00,1.00,1.00,0.00,0.00,0.00
517600402012,2024,1.00,1.00,1.00,0.00,0.00,0.00
517600402021,2024,1.00,1.00,1.00,0.00,0.00,0.00
517600402022,2024,1.00,1.00,1.00,0.00,0.00,0.00
517600403001,2024,1.00,1.00,1.00,0.00,0.00,0.00
517600403002,2024,1.00,1.00,1.00,0.00,0.00,0.00
517600404001,2024,1.00,1.00,1.00,0.00,0.00,0.00
517600404002,2024,1.00,1.00,1.00,0.00,0.00,0.00
517600404003,2024,1.00,1.00,1.00,0.00,0.00,0.00
517600405001,2024,1.00,1.00,1.00,0.00,0.00,0.00
517600405002,2024,1.00,1.00,1.00,0.00,0.00,0.00
517600405003,2024,1.00,1.00,1.00,0.00,0.00,0.00
517600405004,2024,1.00,1.00,1.00,0.00,0.00,0.00
517600406001,2024,1.00,1.00,1.00,0.00,0.00,0.00
517600406002,2024,1.00,1.00,1.00,0.00,0.00,0.00
517600407001,2024,1.00,1.00,1.00,0.00,0.00,0.00
517600407002,2024,1.00,1.00,1.00,0.00,0.00,0.00
517600408001,2024,1.00,1.00,1.00,0.00,0.00,0.00
517600409001,2024,1.00,1.00,1.00,0.00,0.00,0.00
517600409002,2024,1.00,1.00,1.00,0.00,0.00,0.00
517600410001,2024,1.00,1.00,1.00,0.00,0.00,0.00
517600410002,2024,1.00,1.00,1.00,0.00,0.00,0.00
517600411001,2024,1.00,1.00,1.00,0.00,0.00,0.00
517600411002,2024,1.00,1.00,1.00,0.00,0.00,0.00
517600411003,2024,1.00,1.00,1.00,0.00,0.00,0.00
517600411004,2024,1.00,1.00,1.00,0.00,0.00,0.00
517600412001,2024,1.00,1.00,1.00,0.00,0.00,0.00
517600413001,2024,1.00,1.00,1.00,0.00,0.00,0.00
517600413002,2024,1.00,1.00,1.00,0.00,0.00,0.00
517600414001,2024,1.00,1.00,1.00,0.00,0.00,0.00
517600414002,2024,1.00,1.00,1.00,0.00,0.00,0.00
517600416001,2024,1.00,1.00,1.00,0.00,0.00,0.00
517600501001,2024,1.00,1.00,1.00,0.00,0.00,0.00
517600501002,2024,1.00,1.00,1.00,0.00,0.00,0.00
517600501003,2024,1.00,1.00,1.00,0.00,0.00,0.00
517600502001,2024,1.00,1.00,1.00,0.00,0.00,0.00
517600502002,2024,1.00,1.00,1.00,0.00,0.00,0.00
517600502003,2024,1.00,1.00,1.00,0.00,0.00,0.00
517600503001,2024,1.00,1.00,1.00,0.00,0.00,0.00
517600504001,2024,1.00,1.00,1.00,0.00,0.00,0.00
517600504002,2024,1.00,1.00,1.00,0.00,0.00,0.00
517600505001,2024,1.00,1.00,1.00,0.00,0.00,0.00
517600505002,2024,1.00,1.00,1.00,0.00,0.00,0.00
517600505003,2024,1.00,1.00,1.00,0.00,0.00,0.00
517600506001,2024,1.00,1.00,1.00,0.00,0.00,0.00
517600506002,2024,1.00,1.00,1.00,0.00,0.00,0.00
517600602001,2024,1.00,1.00,1.00,0.00,0.00,0.00
517600602002,2024,1.00,1.00,1.00,0.00,0.00,0.00
517600602003,2024,1.00,1.00,1.00,0.00,0.00,0.00
517600604001,2024,1.00,1.00,1.00,0.00,0.00,0.00
517600604002,2024,1.00,1.00,1.00,0.00,0.00,0.00
517600604003,2024,1.00,1.00,1.00,0.00,0.00,0.00
517600604004,2024,1.00,1.00,1.00,0.00,0.00,0.00
517600604005,2024,1.00,1.00,1.00,0.00,0.00,0.00
517600605011,2024,1.00,1.00,1.00,0.00,0.00,0.00
517600605012,2024,1.00,1.00,1.00,0.00,0.00,0.00
517600605013,2024,1.00,1.00,1.00,0.00,0.00,0.00
517600605021,2024,1.00,1.00,1.00,0.00,0.00,0.00
517600605022,2024,1.00,1.00,1.00,0.00,0.00,0.00
517600605023,2024,1.00,1.00,1.00,0.00,0.00,0.00
517600606001,2024,1.00,1.00,1.00,0.00,0.00,0.00
517600606002,2024,1.00,1.00,1.00,0.00,0.00,0.00
517600606003,2024,1.00,1.00,1.00,0.00,0.00,0.00
517600607001,2024,1.00,1.00,1.00,0.00,0.00,0.00
517600607002,2024,1.00,1.00,1.00,0.00,0.00,0.00
517600607003,2024,1.00,1.00,1.00,0.00,0.00,0.00
517600607004,2024,1.00,1.00,1.00,0.00,0.00,0.00
517600607005,2024,1.00,1.00,1.00,0.00,0.00,0.00
517600608001,2024,1.00,1.00,1.00,0.00,0.00,0.00
517600608002,2024,1.00,1.00,1.00,0.00,0.00,0.00
517600608003,2024,1.00,1.00,1.00,0.00,0.00,0.00
517600608004,2024,1.00,1.00,1.00,0.00,0.00,0.00
517600609001,2024,1.00,1.00,1.00,0.00,0.00,0.00
517600610011,2024,1.00,1.00,1.00,0.00,0.00,0.00
517600610012,2024,1.00,1.00,1.00,0.00,0.00,0.00
517600610013,2024,1.00,1.00,1.00,0.00,0.00,0.00
517600610021,2024,1.00,1.00,1.00,0.00,0.00,0.00
517600610022,2024,1.00,1.00,1.00,0.00,0.00,0.00
517600610023,2024,1.00,1.00,1.00,0.00,0.00,0.00
517600701001,2024,1.00,1.00,1.00,0.00,0.00,0.00
517600701002,2024,1.00,1.00,1.00,0.00,0.00,0.00
517600701003,2024,1.00,1.00,1.00,0.00,0.00,0.00
517600701004,2024,1.00,1.00,1.00,0.00,0.00,0.00
517600703001,2024,1.00,1.00,1.00,0.00,0.00,0.00
517600703002,2024,1.00,1.00,1.00,0.00,0.00,0.00
517600704001,2024,1.00,1.00,1.00,0.00,0.00,0.00
517600704002,2024,1.00,1.00,1.00,0.00,0.00,0.00
517600704003,2024,1.00,1.00,1.00,0.00,0.00,0.00
517600706011,2024,1.00,1.00,1.00,0.00,0.00,0.00
517600706012,2024,1.00,1.00,1.00,0.00,0.00,0.00
517600706013,2024,1.00,1.00,1.00,0.00,0.00,0.00
517600706014,2024,1.00,1.00,1.00,0.00,0.00,0.00
517600706021,2024,1.00,1.00,1.00,0.00,0.00,0.00
517600706022,2024,1.00,1.00,1.00,0.00,0.00,0.00
517600707001,2024,1.00,1.00,1.00,0.00,0.00,0.00
517600707002,2024,1.00,1.00,1.00,0.00,0.00,0.00
517600707003,2024,1.00,1.00,1.00,0.00,0.00,0.00
517600708021,2024,1.00,1.00,1.00,0.00,0.00,0.00
517600708022,2024,1.00,1.00,1.00,0.00,0.00,0.00
517600708031,2024,1.00,1.00,1.00,0.00,0.00,0.00
517600708032,2024,1.00,1.00,1.00,0.00,0.00,0.00
517600708041,2024,1.00,1.00,1.00,0.00,0.00,0.00
517600708042,2024,1.00,1.00,1.00,0.00,0.00,0.00
517600708043,2024,1.00,1.00,1.00,0.00,0.00,0.00
517600709011,2024,1.00,1.00,1.00,0.00,0.00,0.00
517600709012,2024,1.00,1.00,1.00,0.00,0.00,0.00
517600709013,2024,1.00,1.00,1.00,0.00,0.00,0.00
517600709021,2024,1.00,1.00,1.00,0.00,0.00,0.00
517600709022,2024,1.00,1.00,1.00,0.00,0.00,0.00
517600709023,2024,1.00,1.00,1.00,0.00,0.00,0.00
517600710021,2024,1.00,1.00,1.00,0.00,0.00,0.00
517600710022,2024,1.00,1.00,1.00,0.00,0.00,0.00
517600710031,2024,1.00,1.00,1.00,0.00,0.00,0.00
517600710032,2024,1.00,1.00,1.00,0.00,0.00,0.00
517600710041,2024,1.00,1.00,1.00,0.00,0.00,0.00
517600710042,2024,1.00,1.00,1.00,0.00,0.00,0.00
517600711001,2024,1.00,1.00,1.00,0.00,0.00,0.00
517600711002,2024,1.00,1.00,1.00,0.00,0.00,0.00
517600711003,2024,1.00,1.00,1.00,0.00,0.00,0.00
517600711004,2024,1.00,1.00,1.00,0.00,0.00,0.00
510366001001,2045,0.00,0.00,0.00,0.30,1.00,1.00
510366001002,2045,0.00,0.00,0.00,0.30,1.00,1.00
510366002001,2045,0.00,0.00,0.00,0.30,1.00,1.00
510366002002,2045,0.00,0.00,0.00,0.30,1.00,1.00
510366003001,2045,0.00,0.00,0.00,0.30,1.00,1.00
510366003002,2045,0.00,0.00,0.00,0.30,1.00,1.00
510411001061,2045,1.00,1.00,1.00,0.00,0.00,0.00
510411001062,2045,1.00,1.00,1.00,0.00,0.00,0.00
510411001071,2045,1.00,1.00,1.00,0.00,0.00,0.00
510411001072,2045,1.00,1.00,1.00,0.00,0.00,0.00
510411002061,2045,1.00,1.00,1.00,0.00,0.00,0.00
510411002062,2045,1.00,1.00,1.00,0.00,0.00,0.00
510411002063,2045,1.00,1.00,1.00,0.00,0.00,0.00
510411002064,2045,1.00,1.00,1.00,0.00,0.00,0.00
510411002065,2045,1.00,1.00,1.00,0.00,0.00,0.00
510411002081,2045,1.00,1.00,1.00,0.00,0.00,0.00
510411002082,2045,1.00,1.00,1.00,0.00,0.00,0.00
510411002091,2045,1.00,1.00,1.00,0.00,0.00,0.00
510411002092,2045,1.00,1.00,1.00,0.00,0.00,0.00
510411002093,2045,1.00,1.00,1.00,0.00,0.00,0.00
510411002094,2045,1.00,1.00,1.00,0.00,0.00,0.00
510411002101,2045,1.00,1.00,1.00,0.00,0.00,0.00
510411002111,2045,1.00,1.00,1.00,0.00,0.00,0.00
510411002112,2045,1.00,1.00,1.00,0.00,0.00,0.00
510411002121,2045,1.00,1.00,1.00,0.00,0.00,0.00
510411002122,2045,1.00,1.00,1.00,0.00,0.00,0.00
510411002123,2045,1.00,1.00,1.00,0.00,0.00,0.00
510411003001,2045,1.00,1.00,1.00,0.00,0.00,0.00
510411003002,2045,1.00,1.00,1.00,0.00,0.00,0.00
510411004031,2045,1.00,1.00,1.00,0.00,0.00,0.00
510411004032,2045,1.00,1.00,1.00,0.00,0.00,0.00
510411004033,2045,1.00,1.00,1.00,0.00,0.00,0.00
510411004034,2045,1.00,1.00,1.00,0.00,0.00,0.00
510411004035,2045,1.00,1.00,1.00,0.00,0.00,0.00
510411004041,2045,1.00,1.00,1.00,0.00,0.00,0.00
510411004042,2045,1.00,1.00,1.00,0.00,0.00,0.00
510411004051,2045,1.00,1.00,1.00,0.00,0.00,0.00
510411004052,2045,1.00,1.00,1.00,0.00,0.00,0.00
510411004061,2045,1.00,1.00,1.00,0.00,0.00,0.00
510411004071,2045,1.00,1.00,1.00,0.00,0.00,0.00
510411004072,2045,1.00,1.00,1.00,0.00,0.00,0.00
510411004073,2045,1.00,1.00,1.00,0.00,0.00,0.00
510411004091,2045,1.00,1.00,1.00,0.00,0.00,0.00
510411004092,2045,1.00,1.00,1.00,0.00,0.00,0.00
510411004093,2045,1.00,1.00,1.00,0.00,0.00,0.00
510411004094,2045,1.00,1.00,1.00,0.00,0.00,0.00
510411004095,2045,1.00,1.00,1.00,0.00,0.00,0.00
510411004101,2045,1.00,1.00,1.00,0.00,0.00,0.00
510411004102,2045,1.00,1.00,1.00,0.00,0.00,0.00
510411005051,2045,1.00,1.00,1.00,0.00,0.00,0.00
510411005052,2045,1.00,1.00,1.00,0.00,0.00,0.00
510411005053,2045,1.00,1.00,1.00,0.00,0.00,0.00
510411005054,2045,1.00,1.00,1.00,0.00,0.00,0.00
510411005055,2045,1.00,1.00,1.00,0.00,0.00,0.00
510411005061,2045,1.00,1.00,1.00,0.00,0.00,0.00
510411005062,2045,1.00,1.00,1.00,0.00,0.00,0.00
510411005063,2045,1.00,1.00,1.00,0.00,0.00,0.00
510411005064,2045,1.00,1.00,1.00,0.00,0.00,0.00
510411005065,2045,1.00,1.00,1.00,0.00,0.00,0.00
510411005071,2045,1.00,1.00,1.00,0.00,0.00,0.00
510411005072,2045,1.00,1.00,1.00,0.00,0.00,0.00
510411005073,2045,1.00,1.00,1.00,0.00,0.00,0.00
510411005081,2045,1.00,1.00,1.00,0.00,0.00,0.00
510411005082,2045,1.00,1.00,1.00,0.00,0.00,0.00
510411005091,2045,1.00,1.00,1.00,0.00,0.00,0.00
510411005092,2045,1.00,1.00,1.00,0.00,0.00,0.00
510411005093,2045,1.00,1.00,1.00,0.00,0.00,0.00
510411005094,2045,1.00,1.00,1.00,0.00,0.00,0.00
510411005101,2045,1.00,1.00,1.00,0.00,0.00,0.00
510411005102,2045,1.00,1.00,1.00,0.00,0.00,0.00
510411006001,2045,1.00,1.00,1.00,0.00,0.00,0.00
510411006002,2045,1.00,1.00,1.00,0.00,0.00,0.00
510411006003,2045,1.00,1.00,1.00,0.00,0.00,0.00
510411007011,2045,1.00,1.00,1.00,0.00,0.00,0.00
510411007012,2045,1.00,1.00,1.00,0.00,0.00,0.00
510411007013,2045,1.00,1.00,1.00,0.00,0.00,0.00
510411007014,2045,1.00,1.00,1.00,0.00,0.00,0.00
510411007021,2045,1.00,1.00,1.00,0.00,0.00,0.00
510411007041,2045,1.00,1.00,1.00,0.00,0.00,0.00
510411007042,2045,1.00,1.00,1.00,0.00,0.00,0.00
510411007043,2045,0.00,0.00,0.00,1.00,1.00,1.00
510411007051,2045,0.00,0.00,0.00,1.00,1.00,1.00
510411007052,2045,0.00,0.00,0.00,1.00,1.00,1.00
510411008041,2045,1.00,1.00,1.00,0.00,0.00,0.00
510411008042,2045,1.00,1.00,1.00,0.00,0.00,0.00
510411008043,2045,1.00,1.00,1.00,0.00,0.00,0.00
510411008051,2045,1.00,1.00,1.00,0.00,0.00,0.00
510411008052,2045,1.00,1.00,1.00,0.00,0.00,0.00
510411008053,2045,1.00,1.00,1.00,0.00,0.00,0.00
510411008054,2045,1.00,1.00,1.00,0.00,0.00,0.00
510411008061,2045,1.00,1.00,1.00,0.00,0.00,0.00
510411008062,2045,1.00,1.00,1.00,0.00,0.00,0.00
510411008071,2045,1.00,1.00,1.00,0.00,0.00,0.00
510411008121,2045,1.00,1.00,1.00,0.00,0.00,0.00
510411008122,2045,1.00,1.00,1.00,0.00,0.00,0.00
510411008123,2045,1.00,1.00,1.00,0.00,0.00,0.00
510411008141,2045,1.00,1.00,1.00,0.00,0.00,0.00
510411008142,2045,1.00,1.00,1.00,0.00,0.00,0.00
510411008151,2045,1.00,1.00,1.00,0.00,0.00,0.00
510411008152,2045,1.00,1.00,1.00,0.00,0.00,0.00
510411008161,2045,1.00,1.00,1.00,0.00,0.00,0.00
510411008162,2045,1.00,1.00,1.00,0.00,0.00,0.00
510411008163,2045,1.00,1.00,1.00,0.00,0.00,0.00
510411008171,2045,1.00,1.00,1.00,0.00,0.00,0.00
510411008172,2045,1.00,1.00,1.00,0.00,0.00,0.00
510411008181,2045,1.00,1.00,1.00,0.00,0.00,0.00
510411008182,2045,1.00,1.00,1.00,0.00,0.00,0.00
510411008191,2045,1.00,1.00,1.00,0.00,0.00,0.00
510411008192,2045,1.00,1.00,1.00,0.00,0.00,0.00
510411008193,2045,1.00,1.00,1.00,0.00,0.00,0.00
510411008201,2045,1.00,1.00,1.00,0.00,0.00,0.00
510411008202,2045,1.00,1.00,1.00,0.00,0.00,0.00
510411008211,2045,1.00,1.00,1.00,0.00,0.00,0.00
510411008212,2045,0.00,0.00,0.00,0.30,1.00,1.00
510411008213,2045,0.00,0.00,0.00,0.30,1.00,1.00
510411008221,2045,1.00,1.00,1.00,0.00,0.00,0.00
510411008222,2045,0.00,0.00,0.00,0.30,1.00,1.00
510411008223,2045,1.00,1.00,1.00,0.00,0.00,0.00
510411008231,2045,1.00,1.00,1.00,0.00,0.00,0.00
510411008232,2045,1.00,1.00,1.00,0.00,0.00,0.00
510411008233,2045,1.00,1.00,1.00,0.00,0.00,0.00
510411009021,2045,1.00,1.00,1.00,0.00,0.00,0.00
510411009022,2045,1.00,1.00,1.00,0.00,0.00,0.00
510411009023,2045,1.00,1.00,1.00,0.00,0.00,0.00
510411009071,2045,1.00,1.00,1.00,0.00,0.00,0.00
510411009072,2045,1.00,1.00,1.00,0.00,0.00,0.00
510411009101,2045,1.00,1.00,1.00,0.00,0.00,0.00
510411009102,2045,1.00,1.00,1.00,0.00,0.00,0.00
510411009103,2045,1.00,1.00,1.00,0.00,0.00,0.00
510411009104,2045,1.00,1.00,1.00,0.00,0.00,0.00
510411009121,2045,1.00,1.00,1.00,0.00,0.00,0.00
510411009122,2045,1.00,1.00,1.00,0.00,0.00,0.00
510411009123,2045,1.00,1.00,1.00,0.00,0.00,0.00
510411009124,2045,1.00,1.00,1.00,0.00,0.00,0.00
510411009151,2045,1.00,1.00,1.00,0.00,0.00,0.00
510411009152,2045,1.00,1.00,1.00,0.00,0.00,0.00
510411009191,2045,1.00,1.00,1.00,0.00,0.00,0.00
510411009192,2045,1.00,1.00,1.00,0.00,0.00,0.00
510411009193,2045,1.00,1.00,1.00,0.00,0.00,0.00
510411009201,2045,1.00,1.00,1.00,0.00,0.00,0.00
510411009211,2045,1.00,1.00,1.00,0.00,0.00,0.00
510411009212,2045,1.00,1.00,1.00,0.00,0.00,0.00
510411009213,2045,1.00,1.00,1.00,0.00,0.00,0.00
510411009214,2045,1.00,1.00,1.00,0.00,0.00,0.00
510411009221,2045,1.00,1.00,1.00,0.00,0.00,0.00
510411009222,2045,1.00,1.00,1.00,0.00,0.00,0.00
510411009223,2045,1.00,1.00,1.00,0.00,0.00,0.00
510411009231,2045,1.00,1.00,1.00,0.00,0.00,0.00
510411009232,2045,1.00,1.00,1.00,0.00,0.00,0.00
510411009241,2045,1.00,1.00,1.00,0.00,0.00,0.00
510411009242,2045,1.00,1.00,1.00,0.00,0.00,0.00
510411009261,2045,1.00,1.00,1.00,0.00,0.00,0.00
510411009262,2045,1.00,1.00,1.00,0.00,0.00,0.00
510411009263,2045,1.00,1.00,1.00,0.00,0.00,0.00
510411009264,2045,1.00,1.00,1.00,0.00,0.00,0.00
510411009281,2045,1.00,1.00,1.00,0.00,0.00,0.00
510411009282,2045,1.00,1.00,1.00,0.00,0.00,0.00
510411009283,2045,1.00,1.00,1.00,0.00,0.00,0.00
510411009291,2045,1.00,1.00,1.00,0.00,0.00,0.00
510411009292,2045,1.00,1.00,1.00,0.00,0.00,0.00
510411009293,2045,1.00,1.00,1.00,0.00,0.00,0.00
510411009294,2045,1.00,1.00,1.00,0.00,0.00,0.00
510411009301,2045,1.00,1.00,1.00,0.00,0.00,0.00
510411009302,2045,1.00,1.00,1.00,0.00,0.00,0.00
510411009311,2045,1.00,1.00,1.00,0.00,0.00,0.00
510411009312,2045,1.00,1.00,1.00,0.00,0.00,0.00
510411009313,2045,1.00,1.00,1.00,0.00,0.00,0.00
510411009321,2045,1.00,1.00,1.00,0.00,0.00,0.00
510411009322,2045,1.00,1.00,1.00,0.00,0.00,0.00
510411009331,2045,1.00,1.00,1.00,0.00,0.00,0.00
510411009332,2045,1.00,1.00,1.00,0.00,0.00,0.00
510411009341,2045,1.00,1.00,1.00,0.00,0.00,0.00
510411009342,2045,1.00,1.00,1.00,0.00,0.00,0.00
510411009343,2045,1.00,1.00,1.00,0.00,0.00,0.00
510411009344,2045,1.00,1.00,1.00,0.00,0.00,0.00
510411009351,2045,1.00,1.00,1.00,0.00,0.00,0.00
510411009352,2045,1.00,1.00,1.00,0.00,0.00,0.00
510411009361,2045,1.00,1.00,1.00,0.00,0.00,0.00
510411009362,2045,1.00,1.00,1.00,0.00,0.00,0.00
510411009371,2045,1.00,1.00,1.00,0.00,0.00,0.00
510411009372,2045,1.00,1.00,1.00,0.00,0.00,0.00
510411009381,2045,1.00,1.00,1.00,0.00,0.00,0.00
510411009382,2045,1.00,1.00,1.00,0.00,0.00,0.00
510411010031,2045,1.00,1.00,1.00,0.00,0.00,0.00
510411010032,2045,1.00,1.00,1.00,0.00,0.00,0.00
510411010033,2045,1.00,1.00,1.00,0.00,0.00,0.00
510411010034,2045,1.00,1.00,1.00,0.00,0.00,0.00
510411010041,2045,1.00,1.00,1.00,0.00,0.00,0.00
510411010042,2045,0.00,0.00,0.00,0.30,1.00,1.00
510411010043,2045,0.00,0.00,0.00,0.30,1.00,1.00
510411010071,2045,1.00,1.00,1.00,0.00,0.00,0.00
510411010072,2045,1.00,1.00,1.00,0.00,0.00,0.00
510411010073,2045,1.00,1.00,1.00,0.00,0.00,0.00
510411010081,2045,1.00,1.00,1.00,0.00,0.00,0.00
510411010082,2045,1.00,1.00,1.00,0.00,0.00,0.00
510411010091,2045,1.00,1.00,1.00,0.00,0.00,0.00
510411010092,2045,1.00,1.00,1.00,0.00,0.00,0.00
510411010093,2045,0.00,0.00,0.00,0.30,1.00,1.00
510411010111,2045,1.00,1.00,1.00,0.00,0.00,0.00
510411010112,2045,1.00,1.00,1.00,0.00,0.00,0.00
510411010121,2045,1.00,1.00,1.00,0.00,0.00,0.00
510411010122,2045,1.00,1.00,1.00,0.00,0.00,0.00
510411010123,2045,1.00,1.00,1.00,0.00,0.00,0.00
510411010131,2045,0.00,0.00,0.00,1.00,1.00,1.00
510411010132,2045,1.00,1.00,1.00,0.00,0.00,0.00
510411010141,2045,0.00,0.00,0.00,1.00,1.00,1.00
510411010151,2045,0.00,0.00,0.00,0.30,1.00,1.00
510411010152,2045,1.00,1.00,1.00,0.00,0.00,0.00
510411010153,2045,1.00,1.00,1.00,0.00,0.00,0.00
510754001011,2045,0.00,0.00,0.00,1.00,1.00,1.00
510754001012,2045,0.00,0.00,0.00,1.00,1.00,1.00
510754001021,2045,0.00,0.00,0.00,1.00,1.00,1.00
510754001022,2045,0.00,0.00,0.00,1.00,1.00,1.00
510754002001,2045,0.00,0.00,0.00,1.00,1.00,1.00
510754002002,2045,0.00,0.00,0.00,1.00,1.00,1.00
510754002003,2045,0.00,0.00,0.00,0.30,1.00,1.00
510754002004,2045,0.00,0.00,0.00,0.30,1.00,1.00
510754003001,2045,0.00,0.00,0.00,0.30,1.00,1.00
510754004001,2045,0.00,0.00,0.00,0.30,1.00,1.00
510754004002,2045,0.00,0.00,0.00,0.30,1.00,1.00
510754004003,2045,0.00,0.00,0.00,0.30,1.00,1.00
510754004004,2045,0.00,0.00,0.00,0.30,1.00,1.00
510754005001,2045,0.00,0.00,0.00,0.30,1.00,1.00
510754005002,2045,0.00,0.00,0.00,0.30,1.00,1.00
510754005003,2045,0.00,0.00,0.00,0.30,1.00,1.00
510853201001,2045,0.00,0.00,0.00,0.30,1.00,1.00
510853201002,2045,0.00,0.00,0.00,0.30,1.00,1.00
510853201003,2045,0.00,0.00,0.00,0.30,1.00,1.00
510853201004,2045,0.00,0.00,0.00,0.30,1.00,1.00
510853202001,2045,0.00,0.00,0.00,0.30,1.00,1.00
510853202002,2045,0.00,0.00,0.00,0.30,1.00,1.00
510853202003,2045,0.00,0.00,0.00,0.30,1.00,1.00
510853203001,2045,0.00,0.00,0.00,1.00,1.00,1.00
510853203002,2045,0.00,0.00,0.00,1.00,1.00,1.00
510853203003,2045,0.00,0.00,0.00,1.00,1.00,1.00
510853204001,2045,0.00,0.00,0.00,0.30,1.00,1.00
510853204002,2045,0.00,0.00,0.00,1.00,1.00,1.00
510853204003,2045,1.00,1.00,1.00,0.00,0.00,0.00
510853205001,2045,0.00,0.00,0.00,0.30,1.00,1.00
510853205002,2045,0.00,0.00,0.00,1.00,1.00,1.00
510853205003,2045,0.00,0.00,0.00,1.00,1.00,1.00
510853206011,2045,0.00,0.00,0.00,0.30,1.00,1.00
510853206012,2045,0.00,0.00,0.00,0.30,1.00,1.00
510853206013,2045,0.00,0.00,0.00,0.30,1.00,1.00
510853206021,2045,1.00,1.00,1.00,0.00,0.00,0.00
510853206022,2045,1.00,1.00,1.00,0.00,0.00,0.00
510853207011,2045,0.00,0.00,0.00,1.00,1.00,1.00
510853207012,2045,0.00,0.00,0.00,0.30,1.00,1.00
510853207021,2045,0.00,0.00,0.00,1.00,1.00,1.00
510853207022,2045,0.00,0.00,0.00,0.30,1.00,1.00
510853208011,2045,1.00,1.00,1.00,0.00,0.00,0.00
510853208031,2045,0.00,0.00,0.00,1.00,1.00,1.00
510853208032,2045,0.00,0.00,0.00,1.00,1.00,1.00
510853208033,2045,0.00,0.00,0.00,1.00,1.00,1.00
510853208041,2045,0.00,0.00,0.00,1.00,1.00,1.00
510853208042,2045,1.00,1.00,1.00,0.00,0.00,0.00
510853208043,2045,0.00,0.00,0.00,1.00,1.00,1.00
510853208051,2045,1.00,1.00,1.00,0.00,0.00,0.00
510853208052,2045,1.00,1.00,1.00,0.00,0.00,0.00
510853209011,2045,1.00,1.00,1.00,0.00,0.00,0.00
510853209012,2045,0.00,0.00,0.00,1.00,1.00,1.00
510853209013,2045,1.00,1.00,1.00,0.00,0.00,0.00
510853209021,2045,1.00,1.00,1.00,0.00,0.00,0.00
510853209022,2045,1.00,1.00,1.00,0.00,0.00,0.00
510853210011,2045,1.00,1.00,1.00,0.00,0.00,0.00
510853210012,2045,1.00,1.00,1.00,0.00,0.00,0.00
510853210013,2045,1.00,1.00,1.00,0.00,0.00,0.00
510853210031,2045,1.00,1.00,1.00,0.00,0.00,0.00
510853210041,2045,0.00,0.00,0.00,0.30,1.00,1.00
510853210042,2045,1.00,1.00,1.00,0.00,0.00,0.00
510853210043,2045,1.00,1.00,1.00,0.00,0.00,0.00
510853211001,2045,1.00,1.00,1.00,0.00,0.00,0.00
510853211002,2045,1.00,1.00,1.00,0.00,0.00,0.00
510853211003,2045,1.00,1.00,1.00,0.00,0.00,0.00
510853212011,2045,1.00,1.00,1.00,0.00,0.00,0.00
510853212012,2045,1.00,1.00,1.00,0.00,0.00,0.00
510853212013,2045,1.00,1.00,1.00,0.00,0.00,0.00
510853212021,2045,1.00,1.00,1.00,0.00,0.00,0.00
510853212022,2045,1.00,1.00,1.00,0.00,0.00,0.00
510853212023,2045,1.00,1.00,1.00,0.00,0.00,0.00
510853213001,2045,1.00,1.00,1.00,0.00,0.00,0.00
510853213002,2045,1.00,1.00,1.00,0.00,0.00,0.00
510853213003,2045,1.00,1.00,1.00,0.00,0.00,0.00
510853213004,2045,1.00,1.00,1.00,0.00,0.00,0.00
510853214011,2045,0.00,0.00,0.00,0.30,1.00,1.00
510853214021,2045,1.00,1.00,1.00,0.00,0.00,0.00
510853214022,2045,0.00,0.00,0.00,1.00,1.00,1.00
510853214031,2045,0.00,0.00,0.00,0.30,1.00,1.00
510872001061,2045,1.00,1.00,1.00,0.00,0.00,0.00
510872001062,2045,1.00,1.00,1.00,0.00,0.00,0.00
510872001063,2045,1.00,1.00,1.00,0.00,0.00,0.00
510872001064,2045,1.00,1.00,1.00,0.00,0.00,0.00
510872001081,2045,1.00,1.00,1.00,0.00,0.00,0.00
510872001082,2045,1.00,1.00,1.00,0.00,0.00,0.00
510872001091,2045,1.00,1.00,1.00,0.00,0.00,0.00
510872001092,2045,1.00,1.00,1.00,0.00,0.00,0.00
510872001093,2045,1.00,1.00,1.00,0.00,0.00,0.00
510872001221,2045,1.00,1.00,1.00,0.00,0.00,0.00
510872001222,2045,1.00,1.00,1.00,0.00,0.00,0.00
510872001223,2045,1.00,1.00,1.00,0.00,0.00,0.00
510872001231,2045,0.00,0.00,0.00,1.00,1.00,1.00
510872001232,2045,1.00,1.00,1.00,0.00,0.00,0.00
510872001233,2045,1.00,1.00,1.00,0.00,0.00,0.00
510872001241,2045,1.00,1.00,1.00,0.00,0.00,0.00
510872001242,2045,1.00,1.00,1.00,0.00,0.00,0.00
510872001243,2045,1.00,1.00,1.00,0.00,0.00,0.00
510872001251,2045,1.00,1.00,1.00,0.00,0.00,0.00
510872001252,2045,1.00,1.00,1.00,0.00,0.00,0.00
510872001253,2045,1.00,1.00,1.00,0.00,0.00,0.00
510872001254,2045,1.00,1.00,1.00,0.00,0.00,0.00
510872001261,2045,1.00,1.00,1.00,0.00,0.00,0.00
510872001262,2045,1.00,1.00,1.00,0.00,0.00,0.00
510872001263,2045,1.00,1.00,1.00,0.00,0.00,0.00
510872001271,2045,1.00,1.00,1.00,0.00,0.00,0.00
510872001272,2045,1.00,1.00,1.00,0.00,0.00,0.00
510872001273,2045,1.00,1.00,1.00,0.00,0.00,0.00
510872001274,2045,1.00,1.00,1.00,0.00,0.00,0.00
510872001311,2045,1.00,1.00,1.00,0.00,0.00,0.00
510872001312,2045,1.00,1.00,1.00,0.00,0.00,0.00
510872001321,2045,1.00,1.00,1.00,0.00,0.00,0.00
510872001322,2045,1.00,1.00,1.00,0.00,0.00,0.00
510872001331,2045,0.00,0.00,0.00,1.00,1.00,1.00
510872001332,2045,1.00,1.00,1.00,0.00,0.00,0.00
510872001333,2045,1.00,1.00,1.00,0.00,0.00,0.00
510872001341,2045,1.00,1.00,1.00,0.00,0.00,0.00
510872001342,2045,1.00,1.00,1.00,0.00,0.00,0.00
510872001343,2045,1.00,1.00,1.00,0.00,0.00,0.00
510872001351,2045,1.00,1.00,1.00,0.00,0.00,0.00
510872001352,2045,1.00,1.00,1.00,0.00,0.00,0.00
510872001361,2045,1.00,1.00,1.00,0.00,0.00,0.00
510872001362,2045,0.00,0.00,0.00,1.00,1.00,1.00
510872001371,2045,1.00,1.00,1.00,0.00,0.00,0.00
510872001372,2045,1.00,1.00,1.00,0.00,0.00,0.00
510872001381,2045,1.00,1.00,1.00,0.00,0.00,0.00
510872001382,2045,1.00,1.00,1.00,0.00,0.00,0.00
510872001383,2045,1.00,1.00,1.00,0.00,0.00,0.00
510872001391,2045,0.00,0.00,0.00,1.00,1.00,1.00
510872001392,2045,1.00,1.00,1.00,0.00,0.00,0.00
510872001393,2045,0.00,0.00,0.00,1.00,1.00,1.00
510872001401,2045,0.00,0.00,0.00,1.00,1.00,1.00
510872001402,2045,0.00,0.00,0.00,1.00,1.00,1.00
510872001411,2045,1.00,1.00,1.00,0.00,0.00,0.00
510872001412,2045,1.00,1.00,1.00,0.00,0.00,0.00
510872001421,2045,1.00,1.00,1.00,0.00,0.00,0.00
510872001422,2045,1.00,1.00,1.00,0.00,0.00,0.00
510872001423,2045,1.00,1.00,1.00,0.00,0.00,0.00
510872001431,2045,1.00,1.00,1.00,0.00,0.00,0.00
510872001441,2045,1.00,1.00,1.00,0.00,0.00,0.00
510872001442,2045,1.00,1.00,1.00,0.00,0.00,0.00
510872001443,2045,1.00,1.00,1.00,0.00,0.00,0.00
510872001451,2045,0.00,0.00,0.00,1.00,1.00,1.00
510872001452,2045,1.00,1.00,1.00,0.00,0.00,0.00
510872001461,2045,1.00,1.00,1.00,0.00,0.00,0.00
510872001462,2045,1.00,1.00,1.00,0.00,0.00,0.00
510872001463,2045,0.00,0.00,0.00,0.30,1.00,1.00
510872001471,2045,1.00,1.00,1.00,0.00,0.00,0.00
510872001472,2045,1.00,1.00,1.00,0.00,0.00,0.00
510872001473,2045,0.00,0.00,0.00,1.00,1.00,1.00
510872001481,2045,0.00,0.00,0.00,0.30,1.00,1.00
510872001482,2045,1.00,1.00,1.00,0.00,0.00,0.00
510872001483,2045,1.00,1.00,1.00,0.00,0.00,0.00
510872001491,2045,1.00,1.00,1.00,0.00,0.00,0.00
510872001492,2045,1.00,1.00,1.00,0.00,0.00,0.00
510872001493,2045,1.00,1.00,1.00,0.00,0.00,0.00
510872001494,2045,1.00,1.00,1.00,0.00,0.00,0.00
510872001501,2045,1.00,1.00,1.00,0.00,0.00,0.00
510872001502,2045,1.00,1.00,1.00,0.00,0.00,0.00
510872001503,2045,1.00,1.00,1.00,0.00,0.00,0.00
510872001511,2045,1.00,1.00,1.00,0.00,0.00,0.00
510872001512,2045,1.00,1.00,1.00,0.00,0.00,0.00
510872001513,2045,1.00,1.00,1.00,0.00,0.00,0.00
510872001514,2045,1.00,1.00,1.00,0.00,0.00,0.00
510872001521,2045,1.00,1.00,1.00,0.00,0.00,0.00
510872001522,2045,1.00,1.00,1.00,0.00,0.00,0.00
510872001531,2045,1.00,1.00,1.00,0.00,0.00,0.00
510872001532,2045,1.00,1.00,1.00,0.00,0.00,0.00
510872001533,2045,1.00,1.00,1.00,0.00,0.00,0.00
510872002011,2045,1.00,1.00,1.00,0.00,0.00,0.00
510872002012,2045,1.00,1.00,1.00,0.00,0.00,0.00
510872002021,2045,1.00,1.00,1.00,0.00,0.00,0.00
510872002022,2045,1.00,1.00,1.00,0.00,0.00,0.00
510872002023,2045,1.00,1.00,1.00,0.00,0.00,0.00
510872002024,2045,1.00,1.00,1.00,0.00,0.00,0.00
510872003011,2045,1.00,1.00,1.00,0.00,0.00,0.00
510872003012,2045,1.00,1.00,1.00,0.00,0.00,0.00
510872003021,2045,1.00,1.00,1.00,0.00,0.00,0.00
510872003022,2045,1.00,1.00,1.00,0.00,0.00,0.00
510872003023,2045,1.00,1.00,1.00,0.00,0.00,0.00
510872003031,2045,1.00,1.00,1.00,0.00,0.00,0.00
510872003032,2045,1.00,1.00,1.00,0.00,0.00,0.00
510872003051,2045,1.00,1.00,1.00,0.00,0.00,0.00
510872003052,2045,1.00,1.00,1.00,0.00,0.00,0.00
510872003053,2045,1.00,1.00,1.00,0.00,0.00,0.00
510872004041,2045,1.00,1.00,1.00,0.00,0.00,0.00
510872004042,2045,1.00,1.00,1.00,0.00,0.00,0.00
510872004043,2045,1.00,1.00,1.00,0.00,0.00,0.00
510872004071,2045,1.00,1.00,1.00,0.00,0.00,0.00
510872004072,2045,1.00,1.00,1.00,0.00,0.00,0.00
510872004073,2045,1.00,1.00,1.00,0.00,0.00,0.00
510872004074,2045,1.00,1.00,1.00,0.00,0.00,0.00
510872004091,2045,1.00,1.00,1.00,0.00,0.00,0.00
510872004111,2045,1.00,1.00,1.00,0.00,0.00,0.00
510872004112,2045,1.00,1.00,1.00,0.00,0.00,0.00
510872004113,2045,1.00,1.00,1.00,0.00,0.00,0.00
510872004114,2045,1.00,1.00,1.00,0.00,0.00,0.00
510872004115,2045,1.00,1.00,1.00,0.00,0.00,0.00
510872004121,2045,1.00,1.00,1.00,0.00,0.00,0.00
510872004122,2045,1.00,1.00,1.00,0.00,0.00,0.00
510872004131,2045,1.00,1.00,1.00,0.00,0.00,0.00
510872004132,2045,1.00,1.00,1.00,0.00,0.00,0.00
510872004133,2045,1.00,1.00,1.00,0.00,0.00,0.00
510872004141,2045,1.00,1.00,1.00,0.00,0.00,0.00
510872004142,2045,1.00,1.00,1.00,0.00,0.00,0.00
510872004143,2045,1.00,1.00,1.00,0.00,0.00,0.00
510872004151,2045,0.00,0.00,0.00,1.00,1.00,1.00
510872004152,2045,1.00,1.00,1.00,0.00,0.00,0.00
510872004153,2045,0.00,0.00,0.00,1.00,1.00,1.00
510872004161,2045,1.00,1.00,1.00,0.00,0.00,0.00
510872004162,2045,1.00,1.00,1.00,0.00,0.00,0.00
510872004163,2045,1.00,1.00,1.00,0.00,0.00,0.00
510872004164,2045,1.00,1.00,1.00,0.00,0.00,0.00
510872004171,2045,1.00,1.00,1.00,0.00,0.00,0.00
510872004172,2045,1.00,1.00,1.00,0.00,0.00,0.00
510872004173,2045,1.00,1.00,1.00,0.00,0.00,0.00
510872004174,2045,1.00,1.00,1.00,0.00,0.00,0.00
510872004181,2045,1.00,1.00,1.00,0.00,0.00,0.00
510872004182,2045,1.00,1.00,1.00,0.00,0.00,0.00
510872004183,2045,1.00,1.00,1.00,0.00,0.00,0.00
510872005011,2045,1.00,1.00,1.00,0.00,0.00,0.00
510872005012,2045,1.00,1.00,1.00,0.00,0.00,0.00
510872005021,2045,1.00,1.00,1.00,0.00,0.00,0.00
510872005022,2045,1.00,1.00,1.00,0.00,0.00,0.00
510872005031,2045,1.00,1.00,1.00,0.00,0.00,0.00
510872005032,2045,1.00,1.00,1.00,0.00,0.00,0.00
510872005033,2045,1.00,1.00,1.00,0.00,0.00,0.00
510872006001,2045,1.00,1.00,1.00,0.00,0.00,0.00
510872006002,2045,1.00,1.00,1.00,0.00,0.00,0.00
510872006003,2045,1.00,1.00,1.00,0.00,0.00,0.00
510872006004,2045,1.00,1.00,1.00,0.00,0.00,0.00
510872007001,2045,1.00,1.00,1.00,0.00,0.00,0.00
510872007002,2045,1.00,1.00,1.00,0.00,0.00,0.00
510872007003,2045,1.00,1.00,1.00,0.00,0.00,0.00
510872007004,2045,1.00,1.00,1.00,0.00,0.00,0.00
510872008011,2045,1.00,1.00,1.00,0.00,0.00,0.00
510872008012,2045,1.00,1.00,1.00,0.00,0.00,0.00
510872008013,2045,1.00,1.00,1.00,0.00,0.00,0.00
510872008021,2045,1.00,1.00,1.00,0.00,0.00,0.00
510872008022,2045,1.00,1.00,1.00,0.00,0.00,0.00
510872008051,2045,1.00,1.00,1.00,0.00,0.00,0.00
510872008052,2045,1.00,1.00,1.00,0.00,0.00,0.00
510872008053,2045,1.00,1.00,1.00,0.00,0.00,0.00
510872008054,2045,1.00,1.00,1.00,0.00,0.00,0.00
510872008061,2045,1.00,1.00,1.00,0.00,0.00,0.00
510872008071,2045,1.00,1.00,1.00,0.00,0.00,0.00
510872008072,2045,1.00,1.00,1.00,0.00,0.00,0.00
510872008073,2045,1.00,1.00,1.00,0.00,0.00,0.00
510872008074,2045,1.00,1.00,1.00,0.00,0.00,0.00
510872009041,2045,1.00,1.00,1.00,0.00,0.00,0.00
510872009042,2045,1.00,1.00,1.00,0.00,0.00,0.00
510872009043,2045,1.00,1.00,1.00,0.00,0.00,0.00
510872009044,2045,1.00,1.00,1.00,0.00,0.00,0.00
510872009051,2045,1.00,1.00,1.00,0.00,0.00,0.00
510872009052,2045,1.00,1.00,1.00,0.00,0.00,0.00
510872009053,2045,1.00,1.00,1.00,0.00,0.00,0.00
510872009054,2045,1.00,1.00,1.00,0.00,0.00,0.00
510872009061,2045,1.00,1.00,1.00,0.00,0.00,0.00
510872009062,2045,1.00,1.00,1.00,0.00,0.00,0.00
510872009071,2045,0.00,0.00,0.00,1.00,1.00,1.00
510872009072,2045,1.00,1.00,1.00,0.00,0.00,0.00
510872009073,2045,1.00,1.00,1.00,0.00,0.00,0.00
510872009081,2045,1.00,1.00,1.00,0.00,0.00,0.00
510872009082,2045,1.00,1.00,1.00,0.00,0.00,0.00
510872010011,2045,1.00,1.00,1.00,0.00,0.00,0.00
510872010012,2045,1.00,1.00,1.00,0.00,0.00,0.00
510872010013,2045,1.00,1.00,1.00,0.00,0.00,0.00
510872010014,2045,1.00,1.00,1.00,0.00,0.00,0.00
510872010021,2045,1.00,1.00,1.00,0.00,0.00,0.00
510872010022,2045,1.00,1.00,1.00,0.00,0.00,0.00
510872010023,2045,1.00,1.00,1.00,0.00,0.00,0.00
510872010031,2045,0.00,0.00,0.00,1.00,1.00,1.00
510872010032,2045,1.00,1.00,1.00,0.00,0.00,0.00
510872010033,2045,1.00,1.00,1.00,0.00,0.00,0.00
510872011021,2045,1.00,1.00,1.00,0.00,0.00,0.00
510872011022,2045,1.00,1.00,1.00,0.00,0.00,0.00
510872011023,2045,1.00,1.00,1.00,0.00,0.00,0.00
510872011024,2045,1.00,1.00,1.00,0.00,0.00,0.00
510872011031,2045,1.00,1.00,1.00,0.00,0.00,0.00
510872011032,2045,0.00,0.00,0.00,1.00,1.00,1.00
510872011041,2045,1.00,1.00,1.00,0.00,0.00,0.00
510872011042,2045,1.00,1.00,1.00,0.00,0.00,0.00
510872012031,2045,1.00,1.00,1.00,0.00,0.00,0.00
510872012032,2045,1.00,1.00,1.00,0.00,0.00,0.00
510872012041,2045,1.00,1.00,1.00,0.00,0.00,0.00
510872012042,2045,1.00,1.00,1.00,0.00,0.00,0.00
510872012043,2045,1.00,1.00,1.00,0.00,0.00,0.00
510872012051,2045,1.00,1.00,1.00,0.00,0.00,0.00
510872012052,2045,1.00,1.00,1.00,0.00,0.00,0.00
510872012053,2045,1.00,1.00,1.00,0.00,0.00,0.00
510872012061,2045,1.00,1.00,1.00,0.00,0.00,0.00
510872012062,2045,1.00,1.00,1.00,0.00,0.00,0.00
510872014031,2045,1.00,1.00,1.00,0.00,0.00,0.00
510872014032,2045,1.00,1.00,1.00,0.00,0.00,0.00
510872014033,2045,1.00,1.00,1.00,0.00,0.00,0.00
510872014034,2045,1.00,1.00,1.00,0.00,0.00,0.00
510872014035,2045,1.00,1.00,1.00,0.00,0.00,0.00
510872014041,2045,0.00,0.00,0.00,0.30,1.00,1.00
510872014042,2045,0.00,0.00,0.00,0.30,1.00,1.00
510872014043,2045,0.00,0.00,0.00,0.30,1.00,1.00
510872014051,2045,1.00,1.00,1.00,0.00,0.00,0.00
510872014061,2045,1.00,1.00,1.00,0.00,0.00,0.00
510872014062,2045,1.00,1.00,1.00,0.00,0.00,0.00
510872014063,2045,1.00,1.00,1.00,0.00,0.00,0.00
510872014064,2045,1.00,1.00,1.00,0.00,0.00,0.00
510872015021,2045,0.00,0.00,0.00,1.00,1.00,1.00
510872015022,2045,0.00,0.00,0.00,1.00,1.00,1.00
510872015023,2045,0.00,0.00,0.00,1.00,1.00,1.00
510872015031,2045,1.00,1.00,1.00,0.00,0.00,0.00
510872015032,2045,1.00,1.00,1.00,0.00,0.00,0.00
510872015033,2045,1.00,1.00,1.00,0.00,0.00,0.00
510872015041,2045,1.00,1.00,1.00,0.00,0.00,0.00
510872015042,2045,1.00,1.00,1.00,0.00,0.00,0.00
510872015043,2045,1.00,1.00,1.00,0.00,0.00,0.00
510872016011,2045,0.00,0.00,0.00,0.30,1.00,1.00
510872016012,2045,0.00,0.00,0.00,0.30,1.00,1.00
510872016021,2045,1.00,1.00,1.00,0.00,0.00,0.00
510872016022,2045,1.00,1.00,1.00,0.00,0.00,0.00
510872016023,2045,1.00,1.00,1.00,0.00,0.00,0.00
510872016024,2045,1.00,1.00,1.00,0.00,0.00,0.00
510872017011,2045,1.00,1.00,1.00,0.00,0.00,0.00
510872017012,2045,0.00,0.00,0.00,1.00,1.00,1.00
510879801001,2045,0.00,0.00,0.00,1.00,1.00,1.00
511277001001,2045,0.00,0.00,0.00,0.30,1.00,1.00
511277001002,2045,0.00,0.00,0.00,0.30,1.00,1.00
511277001003,2045,0.00,0.00,0.00,0.30,1.00,1.00
511277002001,2045,0.00,0.00,0.00,0.30,1.00,1.00
511277002002,2045,0.00,0.00,0.00,0.30,1.00,1.00
511277002003,2045,0.00,0.00,0.00,0.30,1.00,1.00
511277002004,2045,0.00,0.00,0.00,0.30,1.00,1.00
511277003011,2045,0.00,0.00,0.00,0.30,1.00,1.00
511277003012,2045,0.00,0.00,0.00,1.00,1.00,1.00
511277003013,2045,0.00,0.00,0.00,0.30,1.00,1.00
511277003021,2045,0.00,0.00,0.00,0.30,1.00,1.00
511277003022,2045,0.00,0.00,0.00,1.00,1.00,1.00
511455001011,2045,1.00,1.00,1.00,0.00,0.00,0.00
511455001012,2045,1.00,1.00,1.00,0.00,0.00,0.00
511455001013,2045,0.00,0.00,0.00,0.30,1.00,1.00
511455001014,2045,0.00,0.00,0.00,0.30,1.00,1.00
511455001021,2045,0.00,0.00,0.00,0.30,1.00,1.00
511455001022,2045,1.00,1.00,1.00,0.00,0.00,0.00
511455001023,2045,0.00,0.00,0.00,1.00,1.00,1.00
511455002011,2045,0.00,0.00,0.00,0.30,1.00,1.00
511455002012,2045,0.00,0.00,0.00,0.30,1.00,1.00
511455002013,2045,0.00,0.00,0.00,0.30,1.00,1.00
511455002021,2045,0.00,0.00,0.00,0.30,1.00,1.00
511455002022,2045,0.00,0.00,0.00,0.30,1.00,1.00
511455003001,2045,0.00,0.00,0.00,0.30,1.00,1.00
511455004001,2045,0.00,0.00,0.00,0.30,1.00,1.00
511455004002,2045,0.00,0.00,0.00,0.30,1.00,1.00
511455004003,2045,0.00,0.00,0.00,0.30,1.00,1.00
517600102011,2045,1.00,1.00,1.00,0.00,0.00,0.00
517600102012,2045,1.00,1.00,1.00,0.00,0.00,0.00
517600102021,2045,1.00,1.00,1.00,0.00,0.00,0.00
517600102022,2045,1.00,1.00,1.00,0.00,0.00,0.00
517600103001,2045,1.00,1.00,1.00,0.00,0.00,0.00
517600104011,2045,1.00,1.00,1.00,0.00,0.00,0.00
517600104012,2045,1.00,1.00,1.00,0.00,0.00,0.00
517600104021,2045,1.00,1.00,1.00,0.00,0.00,0.00
517600104022,2045,1.00,1.00,1.00,0.00,0.00,0.00
517600104023,2045,1.00,1.00,1.00,0.00,0.00,0.00
517600105001,2045,1.00,1.00,1.00,0.00,0.00,0.00
517600105002,2045,1.00,1.00,1.00,0.00,0.00,0.00
517600106001,2045,1.00,1.00,1.00,0.00,0.00,0.00
517600107001,2045,1.00,1.00,1.00,0.00,0.00,0.00
517600107002,2045,1.00,1.00,1.00,0.00,0.00,0.00
517600107003,2045,1.00,1.00,1.00,0.00,0.00,0.00
517600108001,2045,1.00,1.00,1.00,0.00,0.00,0.00
517600108002,2045,1.00,1.00,1.00,0.00,0.00,0.00
517600108003,2045,1.00,1.00,1.00,0.00,0.00,0.00
517600109001,2045,1.00,1.00,1.00,0.00,0.00,0.00
517600109002,2045,1.00,1.00,1.00,0.00,0.00,0.00
517600109003,2045,1.00,1.00,1.00,0.00,0.00,0.00
517600109004,2045,1.00,1.00,1.00,0.00,0.00,0.00
517600110001,2045,1.00,1.00,1.00,0.00,0.00,0.00
517600110002,2045,1.00,1.00,1.00,0.00,0.00,0.00
517600110003,2045,1.00,1.00,1.00,0.00,0.00,0.00
517600111001,2045,1.00,1.00,1.00,0.00,0.00,0.00
517600111002,2045,1.00,1.00,1.00,0.00,0.00,0.00
517600111003,2045,1.00,1.00,1.00,0.00,0.00,0.00
517600111004,2045,1.00,1.00,1.00,0.00,0.00,0.00
517600201001,2045,1.00,1.00,1.00,0.00,0.00,0.00
517600202001,2045,1.00,1.00,1.00,0.00,0.00,0.00
517600202002,2045,1.00,1.00,1.00,0.00,0.00,0.00
517600203001,2045,1.00,1.00,1.00,0.00,0.00,0.00
517600203002,2045,1.00,1.00,1.00,0.00,0.00,0.00
517600204001,2045,1.00,1.00,1.00,0.00,0.00,0.00
517600204002,2045,1.00,1.00,1.00,0.00,0.00,0.00
517600204003,2045,1.00,1.00,1.00,0.00,0.00,0.00
517600204004,2045,1.00,1.00,1.00,0.00,0.00,0.00
517600204005,2045,1.00,1.00,1.00,0.00,0.00,0.00
517600205011,2045,1.00,1.00,1.00,0.00,0.00,0.00
517600205012,2045,1.00,1.00,1.00,0.00,0.00,0.00
517600205021,2045,1.00,1.00,1.00,0.00,0.00,0.00
517600205022,2045,1.00,1.00,1.00,0.00,0.00,0.00
517600205023,2045,1.00,1.00,1.00,0.00,0.00,0.00
517600206001,2045,1.00,1.00,1.00,0.00,0.00,0.00
517600206002,2045,1.00,1.00,1.00,0.00,0.00,0.00
517600207001,2045,1.00,1.00,1.00,0.00,0.00,0.00
517600207002,2045,1.00,1.00,1.00,0.00,0.00,0.00
517600208001,2045,1.00,1.00,1.00,0.00,0.00,0.00
517600208002,2045,1.00,1.00,1.00,0.00,0.00,0.00
517600209001,2045,1.00,1.00,1.00,0.00,0.00,0.00
517600209002,2045,1.00,1.00,1.00,0.00,0.00,0.00
517600209003,2045,1.00,1.00,1.00,0.00,0.00,0.00
517600209004,2045,1.00,1.00,1.00,0.00,0.00,0.00
517600210001,2045,1.00,1.00,1.00,0.00,0.00,0.00
517600210002,2045,1.00,1.00,1.00,0.00,0.00,0.00
517600211001,2045,1.00,1.00,1.00,0.00,0.00,0.00
517600212001,2045,1.00,1.00,1.00,0.00,0.00,0.00
517600301001,2045,1.00,1.00,1.00,0.00,0.00,0.00
517600301002,2045,1.00,1.00,1.00,0.00,0.00,0.00
517600302001,2045,1.00,1.00,1.00,0.00,0.00,0.00
517600302002,2045,1.00,1.00,1.00,0.00,0.00,0.00
517600302003,2045,1.00,1.00,1.00,0.00,0.00,0.00
517600302004,2045,1.00,1.00,1.00,0.00,0.00,0.00
517600305011,2045,1.00,1.00,1.00,0.00,0.00,0.00
517600305012,2045,1.00,1.00,1.00,0.00,0.00,0.00
517600305013,2045,1.00,1.00,1.00,0.00,0.00,0.00
517600305021,2045,1.00,1.00,1.00,0.00,0.00,0.00
517600305022,2045,1.00,1.00,1.00,0.00,0.00,0.00
517600402011,2045,1.00,1.00,1.00,0.00,0.00,0.00
517600402012,2045,1.00,1.00,1.00,0.00,0.00,0.00
517600402021,2045,1.00,1.00,1.00,0.00,0.00,0.00
517600402022,2045,1.00,1.00,1.00,0.00,0.00,0.00
517600403001,2045,1.00,1.00,1.00,0.00,0.00,0.00
517600403002,2045,1.00,1.00,1.00,0.00,0.00,0.00
517600404001,2045,1.00,1.00,1.00,0.00,0.00,0.00
517600404002,2045,1.00,1.00,1.00,0.00,0.00,0.00
517600404003,2045,1.00,1.00,1.00,0.00,0.00,0.00
517600405001,2045,1.00,1.00,1.00,0.00,0.00,0.00
517600405002,2045,1.00,1.00,1.00,0.00,0.00,0.00
517600405003,2045,1.00,1.00,1.00,0.00,0.00,0.00
517600405004,2045,1.00,1.00,1.00,0.00,0.00,0.00
517600406001,2045,1.00,1.00,1.00,0.00,0.00,0.00
517600406002,2045,1.00,1.00,1.00,0.00,0.00,0.00
517600407001,2045,1.00,1.00,1.00,0.00,0.00,0.00
517600407002,2045,1.00,1.00,1.00,0.00,0.00,0.00
517600408001,2045,1.00,1.00,1.00,0.00,0.00,0.00
517600409001,2045,1.00,1.00,1.00,0.00,0.00,0.00
517600409002,2045,1.00,1.00,1.00,0.00,0.00,0.00
517600410001,2045,1.00,1.00,1.00,0.00,0.00,0.00
517600410002,2045,1.00,1.00,1.00,0.00,0.00,0.00
517600411001,2045,1.00,1.00,1.00,0.00,0.00,0.00
517600411002,2045,1.00,1.00,1.00,0.00,0.00,0.00
517600411003,2045,1.00,1.00,1.00,0.00,0.00,0.00
517600411004,2045,1.00,1.00,1.00,0.00,0.00,0.00
517600412001,2045,1.00,1.00,1.00,0.00,0.00,0.00
517600413001,2045,1.00,1.00,1.00,0.00,0.00,0.00
517600413002,2045,1.00,1.00,1.00,0.00,0.00,0.00
517600414001,2045,1.00,1.00,1.00,0.00,0.00,0.00
517600414002,2045,1.00,1.00,1.00,0.00,0.00,0.00
517600416001,2045,1.00,1.00,1.00,0.00,0.00,0.00
517600501001,2045,1.00,1.00,1.00,0.00,0.00,0.00
517600501002,2045,1.00,1.00,1.00,0.00,0.00,0.00
517600501003,2045,1.00,1.00,1.00,0.00,0.00,0.00
517600502001,2045,1.00,1.00,1.00,0.00,0.00,0.00
517600502002,2045,1.00,1.00,1.00,0.00,0.00,0.00
517600502003,2045,1.00,1.00,1.00,0.00,0.00,0.00
517600503001,2045,1.00,1.00,1.00,0.00,0.00,0.00
517600504001,2045,1.00,1.00,1.00,0.00,0.00,0.00
517600504002,2045,1.00,1.00,1.00,0.00,0.00,0.00
517600505001,2045,1.00,1.00,1.00,0.00,0.00,0.00
517600505002,2045,1.00,1.00,1.00,0.00,0.00,0.00
517600505003,2045,1.00,1.00,1.00,0.00,0.00,0.00
517600506001,2045,1.00,1.00,1.00,0.00,0.00,0.00
517600506002,2045,1.00,1.00,1.00,0.00,0.00,0.00
517600602001,2045,1.00,1.00,1.00,0.00,0.00,0.00
517600602002,2045,1.00,1.00,1.00,0.00,0.00,0.00
517600602003,2045,1.00,1.00,1.00,0.00,0.00,0.00
517600604001,2045,1.00,1.00,1.00,0.00,0.00,0.00
517600604002,2045,1.00,1.00,1.00,0.00,0.00,0.00
517600604003,2045,1.00,1.00,1.00,0.00,0.00,0.00
517600604004,2045,1.00,1.00,1.00,0.00,0.00,0.00
517600604005,2045,1.00,1.00,1.00,0.00,0.00,0.00
517600605011,2045,1.00,1.00,1.00,0.00,0.00,0.00
517600605012,2045,1.00,1.00,1.00,0.00,0.00,0.00
517600605013,2045,1.00,1.00,1.00,0.00,0.00,0.00
517600605021,2045,1.00,1.00,1.00,0.00,0.00,0.00
517600605022,2045,1.00,1.00,1.00,0.00,0.00,0.00
517600605023,2045,1.00,1.00,1.00,0.00,0.00,0.00
517600606001,2045,1.00,1.00,1.00,0.00,0.00,0.00
517600606002,2045,1.00,1.00,1.00,0.00,0.00,0.00
517600606003,2045,1.00,1.00,1.00,0.00,0.00,0.00
517600607001,2045,1.00,1.00,1.00,0.00,0.00,0.00
517600607002,2045,1.00,1.00,1.00,0.00,0.00,0.00
517600607003,2045,1.00,1.00,1.00,0.00,0.00,0.00
517600607004,2045,1.00,1.00,1.00,0.00,0.00,0.00
517600607005,2045,1.00,1.00,1.00,0.00,0.00,0.00
517600608001,2045,1.00,1.00,1.00,0.00,0.00,0.00
517600608002,2045,1.00,1.00,1.00,0.00,0.00,0.00
517600608003,2045,1.00,1.00,1.00,0.00,0.00,0.00
517600608004,2045,1.00,1.00,1.00,0.00,0.00,0.00
517600609001,2045,1.00,1.00,1.00,0.00,0.00,0.00
517600610011,2045,1.00,1.00,1.00,0.00,0.00,0.00
517600610012,2045,1.00,1.00,1.00,0.00,0.00,0.00
517600610013,2045,1.00,1.00,1.00,0.00,0.00,0.00
517600610021,2045,1.00,1.00,1.00,0.00,0.00,0.00
517600610022,2045,1.00,1.00,1.00,0.00,0.00,0.00
517600610023,2045,1.00,1.00,1.00,0.00,0.00,0.00
517600701001,2045,1.00,1.00,1.00,0.00,0.00,0.00
517600701002,2045,1.00,1.00,1.00,0.00,0.00,0.00
517600701003,2045,1.00,1.00,1.00,0.00,0.00,0.00
517600701004,2045,1.00,1.00,1.00,0.00,0.00,0.00
517600703001,2045,1.00,1.00,1.00,0.00,0.00,0.00
517600703002,2045,1.00,1.00,1.00,0.00,0.00,0.00
517600704001,2045,1.00,1.00,1.00,0.00,0.00,0.00
517600704002,2045,1.00,1.00,1.00,0.00,0.00,0.00
517600704003,2045,1.00,1.00,1.00,0.00,0.00,0.00
517600706011,2045,1.00,1.00,1.00,0.00,0.00,0.00
517600706012,2045,1.00,1.00,1.00,0.00,0.00,0.00
517600706013,2045,1.00,1.00,1.00,0.00,0.00,0.00
517600706014,2045,1.00,1.00,1.00,0.00,0.00,0.00
517600706021,2045,1.00,1.00,1.00,0.00,0.00,0.00
517600706022,2045,1.00,1.00,1.00,0.00,0.00,0.00
517600707001,2045,1.00,1.00,1.00,0.00,0.00,0.00
517600707002,2045,1.00,1.00,1.00,0.00,0.00,0.00
517600707003,2045,1.00,1.00,1.00,0.00,0.00,0.00
517600708021,2045,1.00,1.00,1.00,0.00,0.00,0.00
517600708022,2045,1.00,1.00,1.00,0.00,0.00,0.00
517600708031,2045,1.00,1.00,1.00,0.00,0.00,0.00
517600708032,2045,1.00,1.00,1.00,0.00,0.00,0.00
517600708041,2045,1.00,1.00,1.00,0.00,0.00,0.00
517600708042,2045,1.00,1.00,1.00,0.00,0.00,0.00
517600708043,2045,1.00,1.00,1.00,0.00,0.00,0.00
517600709011,2045,1.00,1.00,1.00,0.00,0.00,0.00
517600709012,2045,1.00,1.00,1.00,0.00,0.00,0.00
517600709013,2045,1.00,1.00,1.00,0.00,0.00,0.00
517600709021,2045,1.00,1.00,1.00,0.00,0.00,0.00
517600709022,2045,1.00,1.00,1.00,0.00,0.00,0.00
517600709023,2045,1.00,1.00,1.00,0.00,0.00,0.00
517600710021,2045,1.00,1.00,1.00,0.00,0.00,0.00
517600710022,2045,1.00,1.00,1.00,0.00,0.00,0.00
517600710031,2045,1.00,1.00,1.00,0.00,0.00,0.00
517600710032,2045,1.00,1.00,1.00,0.00,0.00,0.00
517600710041,2045,1.00,1.00,1.00,0.00,0.00,0.00
517600710042,2045,1.00,1.00,1.00,0.00,0.00,0.00
517600711001,2045,1.00,1.00,1.00,0.00,0.00,0.00
517600711002,2045,1.00,1.00,1.00,0.00,0.00,0.00
517600711003,2045,1.00,1.00,1.00,0.00,0.00,0.00
517600711004,2045,1.00,1.00,1.00,0.00,0.00,0.00
