Geo,Year,UrbanArea,TownArea,RuralArea
510366001001,2024,0.00,7219.98,7219.98
510366001001,2045,0.00,7219.98,7219.98
510366001002,2024,0.00,7055.26,7055.26
510366001002,2045,0.00,7055.26,7055.26
510366002001,2024,0.00,5972.08,5972.08
510366002001,2045,0.00,5972.08,5972.08
510366002002,2024,0.00,7502.17,7502.17
510366002002,2045,0.00,7502.17,7502.17
510366003001,2024,0.00,8930.20,8930.20
510366003001,2045,0.00,8930.20,8930.20
510366003002,2024,0.00,17960.90,17960.90
510366003002,2045,0.00,17960.90,17960.90
510411001061,2024,1040.88,0.00,0.00
510411001061,2045,1040.88,0.00,0.00
510411001062,2024,345.24,0.00,0.00
510411001062,2045,345.24,0.00,0.00
510411001071,2024,448.12,0.00,0.00
510411001071,2045,448.12,0.00,0.00
510411001072,2024,286.72,0.00,0.00
510411001072,2045,286.72,0.00,0.00
510411002061,2024,295.60,0.00,0.00
510411002061,2045,295.60,0.00,0.00
510411002062,2024,610.60,0.00,0.00
510411002062,2045,610.60,0.00,0.00
510411002063,2024,306.72,0.00,0.00
510411002063,2045,306.72,0.00,0.00
510411002064,2024,569.81,0.00,0.00
510411002064,2045,569.81,0.00,0.00
510411002065,2024,279.13,0.00,0.00
510411002065,2045,279.13,0.00,0.00
510411002081,2024,591.11,0.00,0.00
510411002081,2045,591.11,0.00,0.00
510411002082,2024,486.85,0.00,0.00
510411002082,2045,486.85,0.00,0.00
510411002091,2024,438.48,0.00,0.00
510411002091,2045,438.48,0.00,0.00
510411002092,2024,343.44,0.00,0.00
510411002092,2045,343.44,0.00,0.00
510411002093,2024,623.80,0.00,0.00
510411002093,2045,623.80,0.00,0.00
510411002094,2024,513.36,0.00,0.00
510411002094,2045,513.36,0.00,0.00
510411002101,2024,835.00,0.00,0.00
510411002101,2045,835.00,0.00,0.00
510411002111,2024,267.04,0.00,0.00
510411002111,2045,267.04,0.00,0.00
510411002112,2024,222.95,0.00,0.00
510411002112,2045,222.95,0.00,0.00
510411002121,2024,234.07,0.00,0.00
510411002121,2045,234.07,0.00,0.00
510411002122,2024,139.69,0.00,0.00
510411002122,2045,139.69,0.00,0.00
510411002123,2024,109.99,0.00,0.00
510411002123,2045,109.99,0.00,0.00
510411003001,2024,1041.91,0.00,0.00
510411003001,2045,1041.91,0.00,0.00
510411003002,2024,254.25,0.00,0.00
510411003002,2045,254.25,0.00,0.00
510411004031,2024,5633.45,0.00,0.00
510411004031,2045,5633.45,0.00,0.00
510411004032,2024,541.55,0.00,0.00
510411004032,2045,541.55,0.00,0.00
510411004033,2024,4413.79,0.00,0.00
510411004033,2045,4413.79,0.00,0.00
510411004034,2024,799.13,0.00,0.00
510411004034,2045,799.13,0.00,0.00
510411004035,2024,1105.34,0.00,0.00
510411004035,2045,1105.34,0.00,0.00
510411004041,2024,383.39,0.00,0.00
510411004041,2045,383.39,0.00,0.00
510411004042,2024,239.86,0.00,0.00
510411004042,2045,239.86,0.00,0.00
510411004051,2024,210.54,0.00,0.00
510411004051,2045,210.54,0.00,0.00
510411004052,2024,172.72,0.00,0.00
510411004052,2045,172.72,0.00,0.00
510411004061,2024,879.46,0.00,0.00
510411004061,2045,879.46,0.00,0.00
510411004071,2024,572.62,0.00,0.00
510411004071,2045,572.62,0.00,0.00
510411004072,2024,850.75,0.00,0.00
510411004072,2045,850.75,0.00,0.00
510411004073,2024,723.38,0.00,0.00
510411004073,2045,723.38,0.00,0.00
510411004091,2024,671.79,0.00,0.00
510411004091,2045,671.79,0.00,0.00
510411004092,2024,544.79,0.00,0.00
510411004092,2045,544.79,0.00,0.00
510411004093,2024,668.89,0.00,0.00
510411004093,2045,668.89,0.00,0.00
510411004094,2024,301.21,0.00,0.00
510411004094,2045,301.21,0.00,0.00
510411004095,2024,451.49,0.00,0.00
510411004095,2045,451.49,0.00,0.00
510411004101,2024,177.09,0.00,0.00
510411004101,2045,177.09,0.00,0.00
510411004102,2024,302.88,0.00,0.00
510411004102,2045,302.88,0.00,0.00
510411005051,2024,389.62,0.00,0.00
510411005051,2045,389.62,0.00,0.00
510411005052,2024,897.95,0.00,0.00
510411005052,2045,897.95,0.00,0.00
510411005053,2024,738.29,0.00,0.00
510411005053,2045,738.29,0.00,0.00
510411005054,2024,147.04,0.00,0.00
510411005054,2045,147.04,0.00,0.00
510411005055,2024,311.96,0.00,0.00
510411005055,2045,311.96,0.00,0.00
510411005061,2024,237.67,0.00,0.00
510411005061,2045,237.67,0.00,0.00
510411005062,2024,1253.16,0.00,0.00
510411005062,2045,1253.16,0.00,0.00
510411005063,2024,311.10,0.00,0.00
510411005063,2045,311.10,0.00,0.00
510411005064,2024,507.29,0.00,0.00
510411005064,2045,507.29,0.00,0.00
510411005065,2024,466.09,0.00,0.00
510411005065,2045,466.09,0.00,0.00
510411005071,2024,1312.42,0.00,0.00
510411005071,2045,1312.42,0.00,0.00
510411005072,2024,475.79,0.00,0.00
510411005072,2045,475.79,0.00,0.00
510411005073,2024,783.68,0.00,0.00
510411005073,2045,783.68,0.00,0.00
510411005081,2024,702.32,0.00,0.00
510411005081,2045,702.32,0.00,0.00
510411005082,2024,1315.94,0.00,0.00
510411005082,2045,1315.94,0.00,0.00
510411005091,2024,1002.83,0.00,0.00
510411005091,2045,1002.83,0.00,0.00
510411005092,2024,3474.01,0.00,0.00
510411005092,2045,3474.01,0.00,0.00
510411005093,2024,864.21,0.00,0.00
510411005093,2045,864.21,0.00,0.00
510411005094,2024,1208.96,0.00,0.00
510411005094,2045,1208.96,0.00,0.00
510411005101,2024,354.30,0.00,0.00
510411005101,2045,354.30,0.00,0.00
510411005102,2024,1275.95,0.00,0.00
510411005102,2045,1275.95,0.00,0.00
510411006001,2024,339.37,0.00,0.00
510411006001,2045,339.37,0.00,0.00
510411006002,2024,221.08,0.00,0.00
510411006002,2045,221.08,0.00,0.00
510411006003,2024,241.73,0.00,0.00
510411006003,2045,241.73,0.00,0.00
510411007011,2024,622.91,0.00,0.00
510411007011,2045,622.91,0.00,0.00
510411007012,2024,638.15,0.00,0.00
510411007012,2045,638.15,0.00,0.00
510411007013,2024,695.66,0.00,0.00
510411007013,2045,695.66,0.00,0.00
510411007014,2024,828.38,0.00,0.00
510411007014,2045,828.38,0.00,0.00
510411007021,2024,6726.47,0.00,0.00
510411007021,2045,6726.47,0.00,0.00
510411007041,2024,5185.10,0.00,0.00
510411007041,2045,5185.10,0.00,0.00
510411007042,2024,4869.87,0.00,0.00
510411007042,2045,4869.87,0.00,0.00
510411007043,2024,0.00,7109.28,0.00
510411007043,2045,0.00,7109.28,0.00
510411007051,2024,0.00,5470.87,0.00
510411007051,2045,0.00,5470.87,0.00
510411007052,2024,0.00,10641.75,0.00
510411007052,2045,0.00,10641.75,0.00
510411008041,2024,518.84,0.00,0.00
510411008041,2045,518.84,0.00,0.00
510411008042,2024,256.14,0.00,0.00
510411008042,2045,256.14,0.00,0.00
510411008043,2024,500.37,0.00,0.00
510411008043,2045,500.37,0.00,0.00
510411008051,2024,341.59,0.00,0.00
510411008051,2045,341.59,0.00,0.00
510411008052,2024,206.37,0.00,0.00
510411008052,2045,206.37,0.00,0.00
510411008053,2024,386.83,0.00,0.00
510411008053,2045,386.83,0.00,0.00
510411008054,2024,478.63,0.00,0.00
510411008054,2045,478.63,0.00,0.00
510411008061,2024,120.64,0.00,0.00
510411008061,2045,120.64,0.00,0.00
510411008062,2024,408.27,0.00,0.00
510411008062,2045,408.27,0.00,0.00
510411008071,2024,857.66,0.00,0.00
510411008071,2045,857.66,0.00,0.00
510411008121,2024,1790.03,0.00,0.00
510411008121,2045,1790.03,0.00,0.00
510411008122,2024,672.77,0.00,0.00
510411008122,2045,672.77,0.00,0.00
510411008123,2024,841.96,0.00,0.00
510411008123,2045,841.96,0.00,0.00
510411008141,2024,500.59,0.00,0.00
510411008141,2045,500.59,0.00,0.00
510411008142,2024,757.31,0.00,0.00
510411008142,2045,757.31,0.00,0.00
510411008151,2024,637.45,0.00,0.00
510411008151,2045,637.45,0.00,0.00
510411008152,2024,764.54,0.00,0.00
510411008152,2045,764.54,0.00,0.00
510411008161,2024,358.31,0.00,0.00
510411008161,2045,358.31,0.00,0.00
510411008162,2024,443.21,0.00,0.00
510411008162,2045,443.21,0.00,0.00
510411008163,2024,268.04,0.00,0.00
510411008163,2045,268.04,0.00,0.00
510411008171,2024,251.91,0.00,0.00
510411008171,2045,251.91,0.00,0.00
510411008172,2024,917.55,0.00,0.00
510411008172,2045,917.55,0.00,0.00
510411008181,2024,547.87,0.00,0.00
510411008181,2045,547.87,0.00,0.00
510411008182,2024,958.89,0.00,0.00
510411008182,2045,958.89,0.00,0.00
510411008191,2024,534.94,0.00,0.00
510411008191,2045,534.94,0.00,0.00
510411008192,2024,792.08,0.00,0.00
510411008192,2045,792.08,0.00,0.00
510411008193,2024,680.87,0.00,0.00
510411008193,2045,680.87,0.00,0.00
510411008201,2024,452.85,0.00,0.00
510411008201,2045,452.85,0.00,0.00
510411008202,2024,2027.37,0.00,0.00
510411008202,2045,2027.37,0.00,0.00
510411008211,2024,3163.39,0.00,0.00
510411008211,2045,3163.39,0.00,0.00
510411008212,2024,0.00,1517.10,1517.10
510411008212,2045,0.00,1517.10,1517.10
510411008213,2024,0.00,1031.97,1031.97
510411008213,2045,0.00,1031.97,1031.97
510411008221,2024,3801.55,0.00,0.00
510411008221,2045,3801.55,0.00,0.00
510411008222,2024,0.00,1394.23,1394.23
510411008222,2045,0.00,1394.23,1394.23
510411008223,2024,3200.75,0.00,0.00
510411008223,2045,3200.75,0.00,0.00
510411008231,2024,1116.44,0.00,0.00
510411008231,2045,1116.44,0.00,0.00
510411008232,2024,415.50,0.00,0.00
510411008232,2045,415.50,0.00,0.00
510411008233,2024,1015.50,0.00,0.00
510411008233,2045,1015.50,0.00,0.00
510411009021,2024,292.45,0.00,0.00
510411009021,2045,292.45,0.00,0.00
510411009022,2024,728.24,0.00,0.00
510411009022,2045,728.24,0.00,0.00
510411009023,2024,243.43,0.00,0.00
510411009023,2045,243.43,0.00,0.00
510411009071,2024,811.32,0.00,0.00
510411009071,2045,811.32,0.00,0.00
510411009072,2024,407.25,0.00,0.00
510411009072,2045,407.25,0.00,0.00
510411009101,2024,201.99,0.00,0.00
510411009101,2045,201.99,0.00,0.00
510411009102,2024,462.54,0.00,0.00
510411009102,2045,462.54,0.00,0.00
510411009103,2024,630.49,0.00,0.00
510411009103,2045,630.49,0.00,0.00
510411009104,2024,323.64,0.00,0.00
510411009104,2045,323.64,0.00,0.00
510411009121,2024,602.46,0.00,0.00
510411009121,2045,602.46,0.00,0.00
510411009122,2024,272.76,0.00,0.00
510411009122,2045,272.76,0.00,0.00
510411009123,2024,664.98,0.00,0.00
510411009123,2045,664.98,0.00,0.00
510411009124,2024,410.24,0.00,0.00
510411009124,2045,410.24,0.00,0.00
510411009151,2024,497.17,0.00,0.00
510411009151,2045,497.17,0.00,0.00
510411009152,2024,740.14,0.00,0.00
510411009152,2045,740.14,0.00,0.00
510411009191,2024,2041.36,0.00,0.00
510411009191,2045,2041.36,0.00,0.00
510411009192,2024,548.19,0.00,0.00
510411009192,2045,548.19,0.00,0.00
510411009193,2024,831.74,0.00,0.00
510411009193,2045,831.74,0.00,0.00
510411009201,2024,764.84,0.00,0.00
510411009201,2045,764.84,0.00,0.00
510411009211,2024,189.99,0.00,0.00
510411009211,2045,189.99,0.00,0.00
510411009212,2024,322.75,0.00,0.00
510411009212,2045,322.75,0.00,0.00
510411009213,2024,143.84,0.00,0.00
510411009213,2045,143.84,0.00,0.00
510411009214,2024,267.14,0.00,0.00
510411009214,2045,267.14,0.00,0.00
510411009221,2024,510.28,0.00,0.00
510411009221,2045,510.28,0.00,0.00
510411009222,2024,849.45,0.00,0.00
510411009222,2045,849.45,0.00,0.00
510411009223,2024,260.59,0.00,0.00
510411009223,2045,260.59,0.00,0.00
510411009231,2024,569.15,0.00,0.00
510411009231,2045,569.15,0.00,0.00
510411009232,2024,226.39,0.00,0.00
510411009232,2045,226.39,0.00,0.00
510411009241,2024,703.30,0.00,0.00
510411009241,2045,703.30,0.00,0.00
510411009242,2024,2419.38,0.00,0.00
510411009242,2045,2419.38,0.00,0.00
510411009261,2024,703.02,0.00,0.00
510411009261,2045,703.02,0.00,0.00
510411009262,2024,1158.14,0.00,0.00
510411009262,2045,1158.14,0.00,0.00
510411009263,2024,838.50,0.00,0.00
510411009263,2045,838.50,0.00,0.00
510411009264,2024,989.08,0.00,0.00
510411009264,2045,989.08,0.00,0.00
510411009281,2024,3382.49,0.00,0.00
510411009281,2045,3382.49,0.00,0.00
510411009282,2024,427.41,0.00,0.00
510411009282,2045,427.41,0.00,0.00
510411009283,2024,1114.34,0.00,0.00
510411009283,2045,1114.34,0.00,0.00
510411009291,2024,656.94,0.00,0.00
510411009291,2045,656.94,0.00,0.00
510411009292,2024,580.37,0.00,0.00
510411009292,2045,580.37,0.00,0.00
510411009293,2024,350.80,0.00,0.00
510411009293,2045,350.80,0.00,0.00
510411009294,2024,245.48,0.00,0.00
510411009294,2045,245.48,0.00,0.00
510411009301,2024,245.43,0.00,0.00
510411009301,2045,245.43,0.00,0.00
510411009302,2024,596.71,0.00,0.00
510411009302,2045,596.71,0.00,0.00
510411009311,2024,440.12,0.00,0.00
510411009311,2045,440.12,0.00,0.00
510411009312,2024,950.06,0.00,0.00
510411009312,2045,950.06,0.00,0.00
510411009313,2024,737.56,0.00,0.00
510411009313,2045,737.56,0.00,0.00
510411009321,2024,251.54,0.00,0.00
510411009321,2045,251.54,0.00,0.00
510411009322,2024,447.28,0.00,0.00
510411009322,2045,447.28,0.00,0.00
510411009331,2024,286.74,0.00,0.00
510411009331,2045,286.74,0.00,0.00
510411009332,2024,430.77,0.00,0.00
510411009332,2045,430.77,0.00,0.00
510411009341,2024,510.54,0.00,0.00
510411009341,2045,510.54,0.00,0.00
510411009342,2024,385.21,0.00,0.00
510411009342,2045,385.21,0.00,0.00
510411009343,2024,341.40,0.00,0.00
510411009343,2045,341.40,0.00,0.00
510411009344,2024,473.88,0.00,0.00
510411009344,2045,473.88,0.00,0.00
510411009351,2024,838.49,0.00,0.00
510411009351,2045,838.49,0.00,0.00
510411009352,2024,1008.41,0.00,0.00
510411009352,2045,1008.41,0.00,0.00
510411009361,2024,663.55,0.00,0.00
510411009361,2045,663.55,0.00,0.00
510411009362,2024,963.88,0.00,0.00
510411009362,2045,963.88,0.00,0.00
510411009371,2024,741.14,0.00,0.00
510411009371,2045,741.14,0.00,0.00
510411009372,2024,309.89,0.00,0.00
510411009372,2045,309.89,0.00,0.00
510411009381,2024,525.95,0.00,0.00
510411009381,2045,525.95,0.00,0.00
510411009382,2024,4920.50,0.00,0.00
510411009382,2045,4920.50,0.00,0.00
510411010031,2024,1728.18,0.00,0.00
510411010031,2045,1728.18,0.00,0.00
510411010032,2024,3990.85,0.00,0.00
510411010032,2045,3990.85,0.00,0.00
510411010033,2024,5945.76,0.00,0.00
510411010033,2045,5945.76,0.00,0.00
510411010034,2024,16919.75,0.00,0.00
510411010034,2045,16919.75,0.00,0.00
510411010041,2024,17824.39,0.00,0.00
510411010041,2045,17824.39,0.00,0.00
510411010042,2024,0.00,985.67,985.67
510411010042,2045,0.00,985.67,985.67
510411010043,2024,0.00,8245.13,8245.13
510411010043,2045,0.00,8245.13,8245.13
510411010071,2024,386.69,0.00,0.00
510411010071,2045,386.69,0.00,0.00
510411010072,2024,389.97,0.00,0.00
510411010072,2045,389.97,0.00,0.00
510411010073,2024,903.38,0.00,0.00
510411010073,2045,903.38,0.00,0.00
510411010081,2024,1003.03,0.00,0.00
510411010081,2045,1003.03,0.00,0.00
510411010082,2024,635.98,0.00,0.00
510411010082,2045,635.98,0.00,0.00
510411010091,2024,588.65,0.00,0.00
510411010091,2045,588.65,0.00,0.00
510411010092,2024,1264.03,0.00,0.00
510411010092,2045,1264.03,0.00,0.00
510411010093,2024,0.00,1014.73,1014.73
510411010093,2045,0.00,1014.73,1014.73
510411010111,2024,305.18,0.00,0.00
510411010111,2045,305.18,0.00,0.00
510411010112,2024,332.78,0.00,0.00
510411010112,2045,332.78,0.00,0.00
510411010121,2024,806.48,0.00,0.00
510411010121,2045,806.48,0.00,0.00
510411010122,2024,284.71,0.00,0.00
510411010122,2045,284.71,0.00,0.00
510411010123,2024,433.27,0.00,0.00
510411010123,2045,433.27,0.00,0.00
510411010131,2024,0.00,1422.64,0.00
510411010131,2045,0.00,1422.64,0.00
510411010132,2024,1380.01,0.00,0.00
510411010132,2045,1380.01,0.00,0.00
510411010141,2024,0.00,2994.63,0.00
510411010141,2045,0.00,2994.63,0.00
510411010151,2024,0.00,536.98,536.98
510411010151,2045,0.00,536.98,536.98
510411010152,2024,388.51,0.00,0.00
510411010152,2045,388.51,0.00,0.00
510411010153,2024,485.36,0.00,0.00
510411010153,2045,485.36,0.00,0.00
510754001011,2024,0.00,7066.30,0.00
510754001011,2045,0.00,7066.30,0.00
510754001012,2024,0.00,5848.25,0.00
510754001012,2045,0.00,5848.25,0.00
510754001021,2024,0.00,8725.98,0.00
510754001021,2045,0.00,8725.98,0.00
510754001022,2024,0.00,6497.21,0.00
510754001022,2045,0.00,6497.21,0.00
510754002001,2024,0.00,4594.43,0.00
510754002001,2045,0.00,4594.43,0.00
510754002002,2024,0.00,12653.66,0.00
510754002002,2045,0.00,12653.66,0.00
510754002003,2024,0.00,3338.17,3338.17
510754002003,2045,0.00,3338.17,3338.17
510754002004,2024,0.00,4720.92,4720.92
510754002004,2045,0.00,4720.92,4720.92
510754003001,2024,0.00,721.39,721.39
510754003001,2045,0.00,721.39,721.39
510754004001,2024,0.00,5188.89,5188.89
510754004001,2045,0.00,5188.89,5188.89
510754004002,2024,0.00,11769.60,11769.60
510754004002,2045,0.00,11769.60,11769.60
510754004003,2024,0.00,4147.15,4147.15
510754004003,2045,0.00,4147.15,4147.15
510754004004,2024,0.00,4309.20,4309.20
510754004004,2045,0.00,4309.20,4309.20
510754005001,2024,0.00,12940.46,12940.46
510754005001,2045,0.00,12940.46,12940.46
510754005002,2024,0.00,8845.49,8845.49
510754005002,2045,0.00,8845.49,8845.49
510754005003,2024,0.00,10976.66,10976.66
510754005003,2045,0.00,10976.66,10976.66
510853201001,2024,0.00,6320.41,6320.41
510853201001,2045,0.00,6320.41,6320.41
510853201002,2024,0.00,11042.21,11042.21
510853201002,2045,0.00,11042.21,11042.21
510853201003,2024,0.00,11002.97,11002.97
510853201003,2045,0.00,11002.97,11002.97
510853201004,2024,0.00,11971.83,11971.83
510853201004,2045,0.00,11971.83,11971.83
510853202001,2024,0.00,5110.81,5110.81
510853202001,2045,0.00,5110.81,5110.81
510853202002,2024,0.00,4932.84,4932.84
510853202002,2045,0.00,4932.84,4932.84
510853202003,2024,0.00,9659.99,9659.99
510853202003,2045,0.00,9659.99,9659.99
510853203001,2024,0.00,11671.49,0.00
510853203001,2045,0.00,11671.49,0.00
510853203002,2024,0.00,4922.77,0.00
510853203002,2045,0.00,4922.77,0.00
510853203003,2024,0.00,10365.44,0.00
510853203003,2045,0.00,10365.44,0.00
510853204001,2024,0.00,5521.19,5521.19
510853204001,2045,0.00,5521.19,5521.19
510853204002,2024,0.00,1995.91,0.00
510853204002,2045,0.00,1995.91,0.00
510853204003,2024,1354.12,0.00,0.00
510853204003,2045,1354.12,0.00,0.00
510853205001,2024,0.00,2272.92,2272.92
510853205001,2045,0.00,2272.92,2272.92
510853205002,2024,0.00,4080.14,0.00
510853205002,2045,0.00,4080.14,0.00
510853205003,2024,0.00,5686.82,0.00
510853205003,2045,0.00,5686.82,0.00
510853206011,2024,0.00,641.83,641.83
510853206011,2045,0.00,641.83,641.83
510853206012,2024,0.00,364.36,364.36
510853206012,2045,0.00,364.36,364.36
510853206013,2024,0.00,822.32,822.32
510853206013,2045,0.00,822.32,822.32
510853206021,2024,1337.24,0.00,0.00
510853206021,2045,1337.24,0.00,0.00
510853206022,2024,766.86,0.00,0.00
510853206022,2045,766.86,0.00,0.00
510853207011,2024,0.00,2180.43,0.00
510853207011,2045,0.00,2180.43,0.00
510853207012,2024,0.00,6324.27,6324.27
510853207012,2045,0.00,6324.27,6324.27
510853207021,2024,0.00,4745.97,0.00
510853207021,2045,0.00,4745.97,0.00
510853207022,2024,0.00,6037.64,6037.64
510853207022,2045,0.00,6037.64,6037.64
510853208011,2024,6071.01,0.00,0.00
510853208011,2045,6071.01,0.00,0.00
510853208031,2024,0.00,1338.26,0.00
510853208031,2045,0.00,1338.26,0.00
510853208032,2024,0.00,313.89,0.00
510853208032,2045,0.00,313.89,0.00
510853208033,2024,0.00,494.04,0.00
510853208033,2045,0.00,494.04,0.00
510853208041,2024,0.00,361.73,0.00
510853208041,2045,0.00,361.73,0.00
510853208042,2024,585.60,0.00,0.00
510853208042,2045,585.60,0.00,0.00
510853208043,2024,0.00,413.32,0.00
510853208043,2045,0.00,413.32,0.00
510853208051,2024,701.04,0.00,0.00
510853208051,2045,701.04,0.00,0.00
510853208052,2024,1421.71,0.00,0.00
510853208052,2045,1421.71,0.00,0.00
510853209011,2024,500.92,0.00,0.00
510853209011,2045,500.92,0.00,0.00
510853209012,2024,0.00,2242.24,0.00
510853209012,2045,0.00,2242.24,0.00
510853209013,2024,1096.68,0.00,0.00
510853209013,2045,1096.68,0.00,0.00
510853209021,2024,1753.17,0.00,0.00
510853209021,2045,1753.17,0.00,0.00
510853209022,2024,1803.34,0.00,0.00
510853209022,2045,1803.34,0.00,0.00
510853210011,2024,354.48,0.00,0.00
510853210011,2045,354.48,0.00,0.00
510853210012,2024,159.32,0.00,0.00
510853210012,2045,159.32,0.00,0.00
510853210013,2024,1025.94,0.00,0.00
510853210013,2045,1025.94,0.00,0.00
510853210031,2024,902.56,0.00,0.00
510853210031,2045,902.56,0.00,0.00
510853210041,2024,0.00,1770.46,1770.46
510853210041,2045,0.00,1770.46,1770.46
510853210042,2024,237.02,0.00,0.00
510853210042,2045,237.02,0.00,0.00
510853210043,2024,730.62,0.00,0.00
510853210043,2045,730.62,0.00,0.00
510853211001,2024,890.10,0.00,0.00
510853211001,2045,890.10,0.00,0.00
510853211002,2024,308.20,0.00,0.00
510853211002,2045,308.20,0.00,0.00
510853211003,2024,875.12,0.00,0.00
510853211003,2045,875.12,0.00,0.00
510853212011,2024,629.40,0.00,0.00
510853212011,2045,629.40,0.00,0.00
510853212012,2024,701.84,0.00,0.00
510853212012,2045,701.84,0.00,0.00
510853212013,2024,1164.97,0.00,0.00
510853212013,2045,1164.97,0.00,0.00
510853212021,2024,1222.53,0.00,0.00
510853212021,2045,1222.53,0.00,0.00
510853212022,2024,192.96,0.00,0.00
510853212022,2045,192.96,0.00,0.00
510853212023,2024,437.05,0.00,0.00
510853212023,2045,437.05,0.00,0.00
510853213001,2024,655.37,0.00,0.00
510853213001,2045,655.37,0.00,0.00
510853213002,2024,2940.28,0.00,0.00
510853213002,2045,2940.28,0.00,0.00
510853213003,2024,628.45,0.00,0.00
510853213003,2045,628.45,0.00,0.00
510853213004,2024,591.56,0.00,0.00
510853213004,2045,591.56,0.00,0.00
510853214011,2024,0.00,7017.64,7017.64
510853214011,2045,0.00,7017.64,7017.64
510853214021,2024,6330.93,0.00,0.00
510853214021,2045,6330.93,0.00,0.00
510853214022,2024,0.00,6617.85,0.00
510853214022,2045,0.00,6617.85,0.00
510853214031,2024,0.00,9706.09,9706.09
510853214031,2045,0.00,9706.09,9706.09
510872001061,2024,226.09,0.00,0.00
510872001061,2045,226.09,0.00,0.00
510872001062,2024,288.11,0.00,0.00
510872001062,2045,288.11,0.00,0.00
510872001063,2024,48.65,0.00,0.00
510872001063,2045,48.65,0.00,0.00
510872001064,2024,145.62,0.00,0.00
510872001064,2045,145.62,0.00,0.00
510872001081,2024,1125.58,0.00,0.00
510872001081,2045,1125.58,0.00,0.00
510872001082,2024,2971.06,0.00,0.00
510872001082,2045,2971.06,0.00,0.00
510872001091,2024,391.96,0.00,0.00
510872001091,2045,391.96,0.00,0.00
510872001092,2024,340.51,0.00,0.00
510872001092,2045,340.51,0.00,0.00
510872001093,2024,356.95,0.00,0.00
510872001093,2045,356.95,0.00,0.00
510872001221,2024,262.04,0.00,0.00
510872001221,2045,262.04,0.00,0.00
510872001222,2024,265.15,0.00,0.00
510872001222,2045,265.15,0.00,0.00
510872001223,2024,266.85,0.00,0.00
510872001223,2045,266.85,0.00,0.00
510872001231,2024,0.00,218.30,0.00
510872001231,2045,0.00,218.30,0.00
510872001232,2024,51.11,0.00,0.00
510872001232,2045,51.11,0.00,0.00
510872001233,2024,76.93,0.00,0.00
510872001233,2045,76.93,0.00,0.00
510872001241,2024,260.52,0.00,0.00
510872001241,2045,260.52,0.00,0.00
510872001242,2024,352.88,0.00,0.00
510872001242,2045,352.88,0.00,0.00
510872001243,2024,152.89,0.00,0.00
510872001243,2045,152.89,0.00,0.00
510872001251,2024,46.95,0.00,0.00
510872001251,2045,46.95,0.00,0.00
510872001252,2024,68.96,0.00,0.00
510872001252,2045,68.96,0.00,0.00
510872001253,2024,69.76,0.00,0.00
510872001253,2045,69.76,0.00,0.00
510872001254,2024,57.62,0.00,0.00
510872001254,2045,57.62,0.00,0.00
510872001261,2024,245.18,0.00,0.00
510872001261,2045,245.18,0.00,0.00
510872001262,2024,92.07,0.00,0.00
510872001262,2045,92.07,0.00,0.00
510872001263,2024,69.22,0.00,0.00
510872001263,2045,69.22,0.00,0.00
510872001271,2024,251.97,0.00,0.00
510872001271,2045,251.97,0.00,0.00
510872001272,2024,390.67,0.00,0.00
510872001272,2045,390.67,0.00,0.00
510872001273,2024,201.24,0.00,0.00
510872001273,2045,201.24,0.00,0.00
510872001274,2024,295.87,0.00,0.00
510872001274,2045,295.87,0.00,0.00
510872001311,2024,115.77,0.00,0.00
510872001311,2045,115.77,0.00,0.00
510872001312,2024,325.00,0.00,0.00
510872001312,2045,325.00,0.00,0.00
510872001321,2024,310.83,0.00,0.00
510872001321,2045,310.83,0.00,0.00
510872001322,2024,375.04,0.00,0.00
510872001322,2045,375.04,0.00,0.00
510872001331,2024,0.00,524.91,0.00
510872001331,2045,0.00,524.91,0.00
510872001332,2024,60.05,0.00,0.00
510872001332,2045,60.05,0.00,0.00
510872001333,2024,42.25,0.00,0.00
510872001333,2045,42.25,0.00,0.00
510872001341,2024,675.82,0.00,0.00
510872001341,2045,675.82,0.00,0.00
510872001342,2024,185.30,0.00,0.00
510872001342,2045,185.30,0.00,0.00
510872001343,2024,273.19,0.00,0.00
510872001343,2045,273.19,0.00,0.00
510872001351,2024,344.63,0.00,0.00
510872001351,2045,344.63,0.00,0.00
510872001352,2024,285.50,0.00,0.00
510872001352,2045,285.50,0.00,0.00
510872001361,2024,336.39,0.00,0.00
510872001361,2045,336.39,0.00,0.00
510872001362,2024,0.00,264.52,0.00
510872001362,2045,0.00,264.52,0.00
510872001371,2024,52.43,0.00,0.00
510872001371,2045,52.43,0.00,0.00
510872001372,2024,215.41,0.00,0.00
510872001372,2045,215.41,0.00,0.00
510872001381,2024,147.19,0.00,0.00
510872001381,2045,147.19,0.00,0.00
510872001382,2024,260.44,0.00,0.00
510872001382,2045,260.44,0.00,0.00
510872001383,2024,382.10,0.00,0.00
510872001383,2045,382.10,0.00,0.00
510872001391,2024,0.00,489.72,0.00
510872001391,2045,0.00,489.72,0.00
510872001392,2024,64.90,0.00,0.00
510872001392,2045,64.90,0.00,0.00
510872001393,2024,0.00,162.93,0.00
510872001393,2045,0.00,162.93,0.00
510872001401,2024,0.00,499.56,0.00
510872001401,2045,0.00,499.56,0.00
510872001402,2024,0.00,586.03,0.00
510872001402,2045,0.00,586.03,0.00
510872001411,2024,402.25,0.00,0.00
510872001411,2045,402.25,0.00,0.00
510872001412,2024,114.93,0.00,0.00
510872001412,2045,114.93,0.00,0.00
510872001421,2024,158.54,0.00,0.00
510872001421,2045,158.54,0.00,0.00
510872001422,2024,159.52,0.00,0.00
510872001422,2045,159.52,0.00,0.00
510872001423,2024,224.74,0.00,0.00
510872001423,2045,224.74,0.00,0.00
510872001431,2024,526.89,0.00,0.00
510872001431,2045,526.89,0.00,0.00
510872001441,2024,39.09,0.00,0.00
510872001441,2045,39.09,0.00,0.00
510872001442,2024,106.84,0.00,0.00
510872001442,2045,106.84,0.00,0.00
510872001443,2024,332.40,0.00,0.00
510872001443,2045,332.40,0.00,0.00
510872001451,2024,0.00,421.71,0.00
510872001451,2045,0.00,421.71,0.00
510872001452,2024,469.99,0.00,0.00
510872001452,2045,469.99,0.00,0.00
510872001461,2024,47.88,0.00,0.00
510872001461,2045,47.88,0.00,0.00
510872001462,2024,227.79,0.00,0.00
510872001462,2045,227.79,0.00,0.00
510872001463,2024,0.00,197.07,197.07
510872001463,2045,0.00,197.07,197.07
510872001471,2024,329.63,0.00,0.00
510872001471,2045,329.63,0.00,0.00
510872001472,2024,414.84,0.00,0.00
510872001472,2045,414.84,0.00,0.00
510872001473,2024,0.00,1526.37,0.00
510872001473,2045,0.00,1526.37,0.00
510872001481,2024,0.00,614.94,614.94
510872001481,2045,0.00,614.94,614.94
510872001482,2024,52.81,0.00,0.00
510872001482,2045,52.81,0.00,0.00
510872001483,2024,248.94,0.00,0.00
510872001483,2045,248.94,0.00,0.00
510872001491,2024,366.72,0.00,0.00
510872001491,2045,366.72,0.00,0.00
510872001492,2024,179.27,0.00,0.00
510872001492,2045,179.27,0.00,0.00
510872001493,2024,82.12,0.00,0.00
510872001493,2045,82.12,0.00,0.00
510872001494,2024,262.64,0.00,0.00
510872001494,2045,262.64,0.00,0.00
510872001501,2024,794.68,0.00,0.00
510872001501,2045,794.68,0.00,0.00
510872001502,2024,572.83,0.00,0.00
510872001502,2045,572.83,0.00,0.00
510872001503,2024,479.56,0.00,0.00
510872001503,2045,479.56,0.00,0.00
510872001511,2024,176.01,0.00,0.00
510872001511,2045,176.01,0.00,0.00
510872001512,2024,139.78,0.00,0.00
510872001512,2045,139.78,0.00,0.00
510872001513,2024,382.94,0.00,0.00
510872001513,2045,382.94,0.00,0.00
510872001514,2024,643.14,0.00,0.00
510872001514,2045,643.14,0.00,0.00
510872001521,2024,216.50,0.00,0.00
510872001521,2045,216.50,0.00,0.00
510872001522,2024,277.31,0.00,0.00
510872001522,2045,277.31,0.00,0.00
510872001531,2024,61.70,0.00,0.00
510872001531,2045,61.70,0.00,0.00
510872001532,2024,148.56,0.00,0.00
510872001532,2045,148.56,0.00,0.00
510872001533,2024,348.53,0.00,0.00
510872001533,2045,348.53,0.00,0.00
510872002011,2024,300.60,0.00,0.00
510872002011,2045,300.60,0.00,0.00
510872002012,2024,320.24,0.00,0.00
510872002012,2045,320.24,0.00,0.00
510872002021,2024,268.90,0.00,0.00
510872002021,2045,268.90,0.00,0.00
510872002022,2024,239.94,0.00,0.00
510872002022,2045,239.94,0.00,0.00
510872002023,2024,176.08,0.00,0.00
510872002023,2045,176.08,0.00,0.00
510872002024,2024,161.60,0.00,0.00
510872002024,2045,161.60,0.00,0.00
510872003011,2024,68.28,0.00,0.00
510872003011,2045,68.28,0.00,0.00
510872003012,2024,253.01,0.00,0.00
510872003012,2045,253.01,0.00,0.00
510872003021,2024,148.89,0.00,0.00
510872003021,2045,148.89,0.00,0.00
510872003022,2024,208.54,0.00,0.00
510872003022,2045,208.54,0.00,0.00
510872003023,2024,244.50,0.00,0.00
510872003023,2045,244.50,0.00,0.00
510872003031,2024,360.90,0.00,0.00
510872003031,2045,360.90,0.00,0.00
510872003032,2024,347.89,0.00,0.00
510872003032,2045,347.89,0.00,0.00
510872003051,2024,381.44,0.00,0.00
510872003051,2045,381.44,0.00,0.00
510872003052,2024,304.63,0.00,0.00
510872003052,2045,304.63,0.00,0.00
510872003053,2024,300.58,0.00,0.00
510872003053,2045,300.58,0.00,0.00
510872004041,2024,324.08,0.00,0.00
510872004041,2045,324.08,0.00,0.00
510872004042,2024,60.02,0.00,0.00
510872004042,2045,60.02,0.00,0.00
510872004043,2024,145.87,0.00,0.00
510872004043,2045,145.87,0.00,0.00
510872004071,2024,339.30,0.00,0.00
510872004071,2045,339.30,0.00,0.00
510872004072,2024,198.28,0.00,0.00
510872004072,2045,198.28,0.00,0.00
510872004073,2024,34.01,0.00,0.00
510872004073,2045,34.01,0.00,0.00
510872004074,2024,232.02,0.00,0.00
510872004074,2045,232.02,0.00,0.00
510872004091,2024,536.62,0.00,0.00
510872004091,2045,536.62,0.00,0.00
510872004111,2024,188.85,0.00,0.00
510872004111,2045,188.85,0.00,0.00
510872004112,2024,63.13,0.00,0.00
510872004112,2045,63.13,0.00,0.00
510872004113,2024,58.31,0.00,0.00
510872004113,2045,58.31,0.00,0.00
510872004114,2024,111.57,0.00,0.00
510872004114,2045,111.57,0.00,0.00
510872004115,2024,181.54,0.00,0.00
510872004115,2045,181.54,0.00,0.00
510872004121,2024,59.91,0.00,0.00
510872004121,2045,59.91,0.00,0.00
510872004122,2024,232.68,0.00,0.00
510872004122,2045,232.68,0.00,0.00
510872004131,2024,385.36,0.00,0.00
510872004131,2045,385.36,0.00,0.00
510872004132,2024,258.17,0.00,0.00
510872004132,2045,258.17,0.00,0.00
510872004133,2024,353.34,0.00,0.00
510872004133,2045,353.34,0.00,0.00
510872004141,2024,406.74,0.00,0.00
510872004141,2045,406.74,0.00,0.00
510872004142,2024,199.00,0.00,0.00
510872004142,2045,199.00,0.00,0.00
510872004143,2024,297.87,0.00,0.00
510872004143,2045,297.87,0.00,0.00
510872004151,2024,0.00,1321.68,0.00
510872004151,2045,0.00,1321.68,0.00
510872004152,2024,88.36,0.00,0.00
510872004152,2045,88.36,0.00,0.00
510872004153,2024,0.00,98.12,0.00
510872004153,2045,0.00,98.12,0.00
510872004161,2024,167.60,0.00,0.00
510872004161,2045,167.60,0.00,0.00
510872004162,2024,398.02,0.00,0.00
510872004162,2045,398.02,0.00,0.00
510872004163,2024,365.31,0.00,0.00
510872004163,2045,365.31,0.00,0.00
510872004164,2024,902.74,0.00,0.00
510872004164,2045,902.74,0.00,0.00
510872004171,2024,29.17,0.00,0.00
510872004171,2045,29.17,0.00,0.00
510872004172,2024,31.52,0.00,0.00
510872004172,2045,31.52,0.00,0.00
510872004173,2024,92.82,0.00,0.00
510872004173,2045,92.82,0.00,0.00
510872004174,2024,80.30,0.00,0.00
510872004174,2045,80.30,0.00,0.00
510872004181,2024,85.37,0.00,0.00
510872004181,2045,85.37,0.00,0.00
510872004182,2024,139.76,0.00,0.00
510872004182,2045,139.76,0.00,0.00
510872004183,2024,107.57,0.00,0.00
510872004183,2045,107.57,0.00,0.00
510872005011,2024,455.00,0.00,0.00
510872005011,2045,455.00,0.00,0.00
510872005012,2024,241.35,0.00,0.00
510872005012,2045,241.35,0.00,0.00
510872005021,2024,301.53,0.00,0.00
510872005021,2045,301.53,0.00,0.00
510872005022,2024,956.91,0.00,0.00
510872005022,2045,956.91,0.00,0.00
510872005031,2024,390.90,0.00,0.00
510872005031,2045,390.90,0.00,0.00
510872005032,2024,458.16,0.00,0.00
510872005032,2045,458.16,0.00,0.00
510872005033,2024,588.03,0.00,0.00
510872005033,2045,588.03,0.00,0.00
510872006001,2024,162.09,0.00,0.00
510872006001,2045,162.09,0.00,0.00
510872006002,2024,162.90,0.00,0.00
510872006002,2045,162.90,0.00,0.00
510872006003,2024,128.06,0.00,0.00
510872006003,2045,128.06,0.00,0.00
510872006004,2024,146.38,0.00,0.00
510872006004,2045,146.38,0.00,0.00
510872007001,2024,51.26,0.00,0.00
510872007001,2045,51.26,0.00,0.00
510872007002,2024,199.66,0.00,0.00
510872007002,2045,199.66,0.00,0.00
510872007003,2024,117.17,0.00,0.00
510872007003,2045,117.17,0.00,0.00
510872007004,2024,318.15,0.00,0.00
510872007004,2045,318.15,0.00,0.00
510872008011,2024,494.76,0.00,0.00
510872008011,2045,494.76,0.00,0.00
510872008012,2024,129.17,0.00,0.00
510872008012,2045,129.17,0.00,0.00
510872008013,2024,640.99,0.00,0.00
510872008013,2045,640.99,0.00,0.00
510872008021,2024,202.24,0.00,0.00
510872008021,2045,202.24,0.00,0.00
510872008022,2024,668.76,0.00,0.00
510872008022,2045,668.76,0.00,0.00
510872008051,2024,715.78,0.00,0.00
510872008051,2045,715.78,0.00,0.00
510872008052,2024,106.63,0.00,0.00
510872008052,2045,106.63,0.00,0.00
510872008053,2024,54.93,0.00,0.00
510872008053,2045,54.93,0.00,0.00
510872008054,2024,359.53,0.00,0.00
510872008054,2045,359.53,0.00,0.00
510872008061,2024,274.37,0.00,0.00
510872008061,2045,274.37,0.00,0.00
510872008071,2024,27.04,0.00,0.00
510872008071,2045,27.04,0.00,0.00
510872008072,2024,37.97,0.00,0.00
510872008072,2045,37.97,0.00,0.00
510872008073,2024,85.70,0.00,0.00
510872008073,2045,85.70,0.00,0.00
510872008074,2024,905.52,0.00,0.00
510872008074,2045,905.52,0.00,0.00
510872009041,2024,373.07,0.00,0.00
510872009041,2045,373.07,0.00,0.00
510872009042,2024,1228.21,0.00,0.00
510872009042,2045,1228.21,0.00,0.00
510872009043,2024,1139.78,0.00,0.00
510872009043,2045,1139.78,0.00,0.00
510872009044,2024,756.30,0.00,0.00
510872009044,2045,756.30,0.00,0.00
510872009051,2024,326.30,0.00,0.00
510872009051,2045,326.30,0.00,0.00
510872009052,2024,190.94,0.00,0.00
510872009052,2045,190.94,0.00,0.00
510872009053,2024,332.80,0.00,0.00
510872009053,2045,332.80,0.00,0.00
510872009054,2024,489.73,0.00,0.00
510872009054,2045,489.73,0.00,0.00
510872009061,2024,469.09,0.00,0.00
510872009061,2045,469.09,0.00,0.00
510872009062,2024,947.26,0.00,0.00
510872009062,2045,947.26,0.00,0.00
510872009071,2024,0.00,854.99,0.00
510872009071,2045,0.00,854.99,0.00
510872009072,2024,439.77,0.00,0.00
510872009072,2045,439.77,0.00,0.00
510872009073,2024,856.06,0.00,0.00
510872009073,2045,856.06,0.00,0.00
510872009081,2024,577.02,0.00,0.00
510872009081,2045,577.02,0.00,0.00
510872009082,2024,374.65,0.00,0.00
510872009082,2045,374.65,0.00,0.00
510872010011,2024,857.28,0.00,0.00
510872010011,2045,857.28,0.00,0.00
510872010012,2024,1043.25,0.00,0.00
510872010012,2045,1043.25,0.00,0.00
510872010013,2024,119.99,0.00,0.00
510872010013,2045,119.99,0.00,0.00
510872010014,2024,417.63,0.00,0.00
510872010014,2045,417.63,0.00,0.00
510872010021,2024,230.53,0.00,0.00
510872010021,2045,230.53,0.00,0.00
510872010022,2024,346.83,0.00,0.00
510872010022,2045,346.83,0.00,0.00
510872010023,2024,169.44,0.00,0.00
510872010023,2045,169.44,0.00,0.00
510872010031,2024,0.00,433.68,0.00
510872010031,2045,0.00,433.68,0.00
510872010032,2024,551.28,0.00,0.00
510872010032,2045,551.28,0.00,0.00
510872010033,2024,215.76,0.00,0.00
510872010033,2045,215.76,0.00,0.00
510872011021,2024,249.17,0.00,0.00
510872011021,2045,249.17,0.00,0.00
510872011022,2024,584.19,0.00,0.00
510872011022,2045,584.19,0.00,0.00
510872011023,2024,56.42,0.00,0.00
510872011023,2045,56.42,0.00,0.00
510872011024,2024,77.37,0.00,0.00
510872011024,2045,77.37,0.00,0.00
510872011031,2024,47.08,0.00,0.00
510872011031,2045,47.08,0.00,0.00
510872011032,2024,0.00,427.36,0.00
510872011032,2045,0.00,427.36,0.00
510872011041,2024,724.96,0.00,0.00
510872011041,2045,724.96,0.00,0.00
510872011042,2024,523.72,0.00,0.00
510872011042,2045,523.72,0.00,0.00
510872012031,2024,180.39,0.00,0.00
510872012031,2045,180.39,0.00,0.00
510872012032,2024,1931.74,0.00,0.00
510872012032,2045,1931.74,0.00,0.00
510872012041,2024,299.78,0.00,0.00
510872012041,2045,299.78,0.00,0.00
510872012042,2024,173.15,0.00,0.00
510872012042,2045,173.15,0.00,0.00
510872012043,2024,152.89,0.00,0.00
510872012043,2045,152.89,0.00,0.00
510872012051,2024,259.48,0.00,0.00
510872012051,2045,259.48,0.00,0.00
510872012052,2024,314.31,0.00,0.00
510872012052,2045,314.31,0.00,0.00
510872012053,2024,356.73,0.00,0.00
510872012053,2045,356.73,0.00,0.00
510872012061,2024,194.55,0.00,0.00
510872012061,2045,194.55,0.00,0.00
510872012062,2024,198.29,0.00,0.00
510872012062,2045,198.29,0.00,0.00
510872014031,2024,646.18,0.00,0.00
510872014031,2045,646.18,0.00,0.00
510872014032,2024,3600.11,0.00,0.00
510872014032,2045,3600.11,0.00,0.00
510872014033,2024,1512.78,0.00,0.00
510872014033,2045,1512.78,0.00,0.00
510872014034,2024,107.88,0.00,0.00
510872014034,2045,107.88,0.00,0.00
510872014035,2024,133.18,0.00,0.00
510872014035,2045,133.18,0.00,0.00
510872014041,2024,0.00,1656.22,1656.22
510872014041,2045,0.00,1656.22,1656.22
510872014042,2024,0.00,844.40,844.40
510872014042,2045,0.00,844.40,844.40
510872014043,2024,0.00,2889.84,2889.84
510872014043,2045,0.00,2889.84,2889.84
510872014051,2024,572.44,0.00,0.00
510872014051,2045,572.44,0.00,0.00
510872014061,2024,364.67,0.00,0.00
510872014061,2045,364.67,0.00,0.00
510872014062,2024,343.28,0.00,0.00
510872014062,2045,343.28,0.00,0.00
510872014063,2024,204.74,0.00,0.00
510872014063,2045,204.74,0.00,0.00
510872014064,2024,587.13,0.00,0.00
510872014064,2045,587.13,0.00,0.00
510872015021,2024,0.00,4715.44,0.00
510872015021,2045,0.00,4715.44,0.00
510872015022,2024,0.00,737.84,0.00
510872015022,2045,0.00,737.84,0.00
510872015023,2024,0.00,2745.96,0.00
510872015023,2045,0.00,2745.96,0.00
510872015031,2024,371.60,0.00,0.00
510872015031,2045,371.60,0.00,0.00
510872015032,2024,760.58,0.00,0.00
510872015032,2045,760.58,0.00,0.00
510872015033,2024,299.58,0.00,0.00
510872015033,2045,299.58,0.00,0.00
510872015041,2024,2934.64,0.00,0.00
510872015041,2045,2934.64,0.00,0.00
510872015042,2024,147.21,0.00,0.00
510872015042,2045,147.21,0.00,0.00
510872015043,2024,605.25,0.00,0.00
510872015043,2045,605.25,0.00,0.00
510872016011,2024,0.00,3460.96,3460.96
510872016011,2045,0.00,3460.96,3460.96
510872016012,2024,0.00,6137.60,6137.60
510872016012,2045,0.00,6137.60,6137.60
510872016021,2024,2935.68,0.00,0.00
510872016021,2045,2935.68,0.00,0.00
510872016022,2024,7659.88,0.00,0.00
510872016022,2045,7659.88,0.00,0.00
510872016023,2024,827.06,0.00,0.00
510872016023,2045,827.06,0.00,0.00
510872016024,2024,5033.33,0.00,0.00
510872016024,2045,5033.33,0.00,0.00
510872017011,2024,775.64,0.00,0.00
510872017011,2045,775.64,0.00,0.00
510872017012,2024,0.00,353.96,0.00
510872017012,2045,0.00,353.96,0.00
510879801001,2024,0.00,2182.78,0.00
510879801001,2045,0.00,2182.78,0.00
511277001001,2024,0.00,6629.90,6629.90
511277001001,2045,0.00,6629.90,6629.90
511277001002,2024,0.00,2898.84,2898.84
511277001002,2045,0.00,2898.84,2898.84
511277001003,2024,0.00,4591.19,4591.19
511277001003,2045,0.00,4591.19,4591.19
511277002001,2024,0.00,5961.39,5961.39
511277002001,2045,0.00,5961.39,5961.39
511277002002,2024,0.00,349.17,349.17
511277002002,2045,0.00,349.17,349.17
511277002003,2024,0.00,3156.78,3156.78
511277002003,2045,0.00,3156.78,3156.78
511277002004,2024,0.00,7235.75,7235.75
511277002004,2045,0.00,7235.75,7235.75
511277003011,2024,0.00,3369.94,3369.94
511277003011,2045,0.00,3369.94,3369.94
511277003012,2024,0.00,13034.37,0.00
511277003012,2045,0.00,13034.37,0.00
511277003013,2024,0.00,4009.19,4009.19
511277003013,2045,0.00,4009.19,4009.19
511277003021,2024,0.00,12194.29,12194.29
511277003021,2045,0.00,12194.29,12194.29
511277003022,2024,0.00,17220.07,0.00
511277003022,2045,0.00,17220.07,0.00
511455001011,2024,8802.49,0.00,0.00
511455001011,2045,8802.49,0.00,0.00
511455001012,2024,10644.19,0.00,0.00
511455001012,2045,10644.19,0.00,0.00
511455001013,2024,0.00,4269.29,4269.29
511455001013,2045,0.00,4269.29,4269.29
511455001014,2024,0.00,1745.23,1745.23
511455001014,2045,0.00,1745.23,1745.23
511455001021,2024,0.00,4568.45,4568.45
511455001021,2045,0.00,4568.45,4568.45
511455001022,2024,5876.90,0.00,0.00
511455001022,2045,5876.90,0.00,0.00
511455001023,2024,0.00,6709.30,0.00
511455001023,2045,0.00,6709.30,0.00
511455002011,2024,0.00,4829.86,4829.86
511455002011,2045,0.00,4829.86,4829.86
511455002012,2024,0.00,6302.51,6302.51
511455002012,2045,0.00,6302.51,6302.51
511455002013,2024,0.00,2058.43,2058.43
511455002013,2045,0.00,2058.43,2058.43
511455002021,2024,0.00,4274.00,4274.00
511455002021,2045,0.00,4274.00,4274.00
511455002022,2024,0.00,3280.07,3280.07
511455002022,2045,0.00,3280.07,3280.07
511455003001,2024,0.00,2961.71,2961.71
511455003001,2045,0.00,2961.71,2961.71
511455004001,2024,0.00,13574.19,13574.19
511455004001,2045,0.00,13574.19,13574.19
511455004002,2024,0.00,7243.61,7243.61
511455004002,2045,0.00,7243.61,7243.61
511455004003,2024,0.00,8595.21,8595.21
511455004003,2045,0.00,8595.21,8595.21
517600102011,2024,105.35,0.00,0.00
517600102011,2045,105.35,0.00,0.00
517600102012,2024,172.71,0.00,0.00
517600102012,2045,172.71,0.00,0.00
517600102021,2024,262.91,0.00,0.00
517600102021,2045,262.91,0.00,0.00
517600102022,2024,173.88,0.00,0.00
517600102022,2045,173.88,0.00,0.00
517600103001,2024,204.90,0.00,0.00
517600103001,2045,204.90,0.00,0.00
517600104011,2024,187.17,0.00,0.00
517600104011,2045,187.17,0.00,0.00
517600104012,2024,154.86,0.00,0.00
517600104012,2045,154.86,0.00,0.00
517600104021,2024,167.08,0.00,0.00
517600104021,2045,167.08,0.00,0.00
517600104022,2024,241.36,0.00,0.00
517600104022,2045,241.36,0.00,0.00
517600104023,2024,141.83,0.00,0.00
517600104023,2045,141.83,0.00,0.00
517600105001,2024,90.23,0.00,0.00
517600105001,2045,90.23,0.00,0.00
517600105002,2024,106.64,0.00,0.00
517600105002,2045,106.64,0.00,0.00
517600106001,2024,217.81,0.00,0.00
517600106001,2045,217.81,0.00,0.00
517600107001,2024,117.75,0.00,0.00
517600107001,2045,117.75,0.00,0.00
517600107002,2024,66.02,0.00,0.00
517600107002,2045,66.02,0.00,0.00
517600107003,2024,73.18,0.00,0.00
517600107003,2045,73.18,0.00,0.00
517600108001,2024,129.85,0.00,0.00
517600108001,2045,129.85,0.00,0.00
517600108002,2024,133.57,0.00,0.00
517600108002,2045,133.57,0.00,0.00
517600108003,2024,81.09,0.00,0.00
517600108003,2045,81.09,0.00,0.00
517600109001,2024,145.65,0.00,0.00
517600109001,2045,145.65,0.00,0.00
517600109002,2024,62.78,0.00,0.00
517600109002,2045,62.78,0.00,0.00
517600109003,2024,43.00,0.00,0.00
517600109003,2045,43.00,0.00,0.00
517600109004,2024,184.07,0.00,0.00
517600109004,2045,184.07,0.00,0.00
517600110001,2024,150.63,0.00,0.00
517600110001,2045,150.63,0.00,0.00
517600110002,2024,83.55,0.00,0.00
517600110002,2045,83.55,0.00,0.00
517600110003,2024,74.05,0.00,0.00
517600110003,2045,74.05,0.00,0.00
517600111001,2024,93.95,0.00,0.00
517600111001,2045,93.95,0.00,0.00
517600111002,2024,202.79,0.00,0.00
517600111002,2045,202.79,0.00,0.00
517600111003,2024,88.61,0.00,0.00
517600111003,2045,88.61,0.00,0.00
517600111004,2024,211.57,0.00,0.00
517600111004,2045,211.57,0.00,0.00
517600201001,2024,244.00,0.00,0.00
517600201001,2045,244.00,0.00,0.00
517600202001,2024,166.05,0.00,0.00
517600202001,2045,166.05,0.00,0.00
517600202002,2024,80.14,0.00,0.00
517600202002,2045,80.14,0.00,0.00
517600203001,2024,88.40,0.00,0.00
517600203001,2045,88.40,0.00,0.00
517600203002,2024,111.88,0.00,0.00
517600203002,2045,111.88,0.00,0.00
517600204001,2024,55.09,0.00,0.00
517600204001,2045,55.09,0.00,0.00
517600204002,2024,46.59,0.00,0.00
517600204002,2045,46.59,0.00,0.00
517600204003,2024,204.38,0.00,0.00
517600204003,2045,204.38,0.00,0.00
517600204004,2024,60.75,0.00,0.00
517600204004,2045,60.75,0.00,0.00
517600204005,2024,48.56,0.00,0.00
517600204005,2045,48.56,0.00,0.00
517600205011,2024,67.01,0.00,0.00
517600205011,2045,67.01,0.00,0.00
517600205012,2024,136.60,0.00,0.00
517600205012,2045,136.60,0.00,0.00
517600205021,2024,49.43,0.00,0.00
517600205021,2045,49.43,0.00,0.00
517600205022,2024,20.60,0.00,0.00
517600205022,2045,20.60,0.00,0.00
517600205023,2024,41.09,0.00,0.00
517600205023,2045,41.09,0.00,0.00
517600206001,2024,67.59,0.00,0.00
517600206001,2045,67.59,0.00,0.00
517600206002,2024,43.14,0.00,0.00
517600206002,2045,43.14,0.00,0.00
517600207001,2024,50.40,0.00,0.00
517600207001,2045,50.40,0.00,0.00
517600207002,2024,70.73,0.00,0.00
517600207002,2045,70.73,0.00,0.00
517600208001,2024,48.67,0.00,0.00
517600208001,2045,48.67,0.00,0.00
517600208002,2024,127.27,0.00,0.00
517600208002,2045,127.27,0.00,0.00
517600209001,2024,61.06,0.00,0.00
517600209001,2045,61.06,0.00,0.00
517600209002,2024,73.00,0.00,0.00
517600209002,2045,73.00,0.00,0.00
517600209003,2024,199.15,0.00,0.00
517600209003,2045,199.15,0.00,0.00
517600209004,2024,328.58,0.00,0.00
517600209004,2045,328.58,0.00,0.00
517600210001,2024,109.51,0.00,0.00
517600210001,2045,109.51,0.00,0.00
517600210002,2024,84.58,0.00,0.00
517600210002,2045,84.58,0.00,0.00
517600211001,2024,317.80,0.00,0.00
517600211001,2045,317.80,0.00,0.00
517600212001,2024,224.93,0.00,0.00
517600212001,2045,224.93,0.00,0.00
517600301001,2024,85.34,0.00,0.00
517600301001,2045,85.34,0.00,0.00
517600301002,2024,68.45,0.00,0.00
517600301002,2045,68.45,0.00,0.00
517600302001,2024,38.68,0.00,0.00
517600302001,2045,38.68,0.00,0.00
517600302002,2024,179.52,0.00,0.00
517600302002,2045,179.52,0.00,0.00
517600302003,2024,61.35,0.00,0.00
517600302003,2045,61.35,0.00,0.00
517600302004,2024,38.49,0.00,0.00
517600302004,2045,38.49,0.00,0.00
517600305011,2024,54.25,0.00,0.00
517600305011,2045,54.25,0.00,0.00
517600305012,2024,32.01,0.00,0.00
517600305012,2045,32.01,0.00,0.00
517600305013,2024,41.60,0.00,0.00
517600305013,2045,41.60,0.00,0.00
517600305021,2024,244.84,0.00,0.00
517600305021,2045,244.84,0.00,0.00
517600305022,2024,90.64,0.00,0.00
517600305022,2045,90.64,0.00,0.00
517600402011,2024,80.72,0.00,0.00
517600402011,2045,80.72,0.00,0.00
517600402012,2024,43.69,0.00,0.00
517600402012,2045,43.69,0.00,0.00
517600402021,2024,312.01,0.00,0.00
517600402021,2045,312.01,0.00,0.00
517600402022,2024,548.48,0.00,0.00
517600402022,2045,548.48,0.00,0.00
517600403001,2024,19.07,0.00,0.00
517600403001,2045,19.07,0.00,0.00
517600403002,2024,99.68,0.00,0.00
517600403002,2045,99.68,0.00,0.00
517600404001,2024,47.76,0.00,0.00
517600404001,2045,47.76,0.00,0.00
517600404002,2024,30.30,0.00,0.00
517600404002,2045,30.30,0.00,0.00
517600404003,2024,35.36,0.00,0.00
517600404003,2045,35.36,0.00,0.00
517600405001,2024,32.59,0.00,0.00
517600405001,2045,32.59,0.00,0.00
517600405002,2024,33.11,0.00,0.00
517600405002,2045,33.11,0.00,0.00
517600405003,2024,35.50,0.00,0.00
517600405003,2045,35.50,0.00,0.00
517600405004,2024,40.76,0.00,0.00
517600405004,2045,40.76,0.00,0.00
517600406001,2024,36.85,0.00,0.00
517600406001,2045,36.85,0.00,0.00
517600406002,2024,34.33,0.00,0.00
517600406002,2045,34.33,0.00,0.00
517600407001,2024,64.51,0.00,0.00
517600407001,2045,64.51,0.00,0.00
517600407002,2024,93.27,0.00,0.00
517600407002,2045,93.27,0.00,0.00
517600408001,2024,133.85,0.00,0.00
517600408001,2045,133.85,0.00,0.00
517600409001,2024,85.70,0.00,0.00
517600409001,2045,85.70,0.00,0.00
517600409002,2024,80.99,0.00,0.00
517600409002,2045,80.99,0.00,0.00
517600410001,2024,60.09,0.00,0.00
517600410001,2045,60.09,0.00,0.00
517600410002,2024,59.81,0.00,0.00
517600410002,2045,59.81,0.00,0.00
517600411001,2024,54.98,0.00,0.00
517600411001,2045,54.98,0.00,0.00
517600411002,2024,66.74,0.00,0.00
517600411002,2045,66.74,0.00,0.00
517600411003,2024,33.54,0.00,0.00
517600411003,2045,33.54,0.00,0.00
517600411004,2024,60.58,0.00,0.00
517600411004,2045,60.58,0.00,0.00
517600412001,2024,70.58,0.00,0.00
517600412001,2045,70.58,0.00,0.00
517600413001,2024,142.27,0.00,0.00
517600413001,2045,142.27,0.00,0.00
517600413002,2024,482.13,0.00,0.00
517600413002,2045,482.13,0.00,0.00
517600414001,2024,84.73,0.00,0.00
517600414001,2045,84.73,0.00,0.00
517600414002,2024,68.22,0.00,0.00
517600414002,2045,68.22,0.00,0.00
517600416001,2024,371.12,0.00,0.00
517600416001,2045,371.12,0.00,0.00
517600501001,2024,241.31,0.00,0.00
517600501001,2045,241.31,0.00,0.00
517600501002,2024,59.60,0.00,0.00
517600501002,2045,59.60,0.00,0.00
517600501003,2024,107.67,0.00,0.00
517600501003,2045,107.67,0.00,0.00
517600502001,2024,171.80,0.00,0.00
517600502001,2045,171.80,0.00,0.00
517600502002,2024,152.82,0.00,0.00
517600502002,2045,152.82,0.00,0.00
517600502003,2024,90.72,0.00,0.00
517600502003,2045,90.72,0.00,0.00
517600503001,2024,163.47,0.00,0.00
517600503001,2045,163.47,0.00,0.00
517600504001,2024,250.18,0.00,0.00
517600504001,2045,250.18,0.00,0.00
517600504002,2024,215.89,0.00,0.00
517600504002,2045,215.89,0.00,0.00
517600505001,2024,261.54,0.00,0.00
517600505001,2045,261.54,0.00,0.00
517600505002,2024,562.04,0.00,0.00
517600505002,2045,562.04,0.00,0.00
517600505003,2024,211.84,0.00,0.00
517600505003,2045,211.84,0.00,0.00
517600506001,2024,304.74,0.00,0.00
517600506001,2045,304.74,0.00,0.00
517600506002,2024,895.32,0.00,0.00
517600506002,2045,895.32,0.00,0.00
517600602001,2024,246.17,0.00,0.00
517600602001,2045,246.17,0.00,0.00
517600602002,2024,68.93,0.00,0.00
517600602002,2045,68.93,0.00,0.00
517600602003,2024,49.18,0.00,0.00
517600602003,2045,49.18,0.00,0.00
517600604001,2024,174.22,0.00,0.00
517600604001,2045,174.22,0.00,0.00
517600604002,2024,73.56,0.00,0.00
517600604002,2045,73.56,0.00,0.00
517600604003,2024,86.15,0.00,0.00
517600604003,2045,86.15,0.00,0.00
517600604004,2024,128.75,0.00,0.00
517600604004,2045,128.75,0.00,0.00
517600604005,2024,122.93,0.00,0.00
517600604005,2045,122.93,0.00,0.00
517600605011,2024,107.32,0.00,0.00
517600605011,2045,107.32,0.00,0.00
517600605012,2024,101.99,0.00,0.00
517600605012,2045,101.99,0.00,0.00
517600605013,2024,88.86,0.00,0.00
517600605013,2045,88.86,0.00,0.00
517600605021,2024,213.10,0.00,0.00
517600605021,2045,213.10,0.00,0.00
517600605022,2024,141.40,0.00,0.00
517600605022,2045,141.40,0.00,0.00
517600605023,2024,120.80,0.00,0.00
517600605023,2045,120.80,0.00,0.00
517600606001,2024,125.21,0.00,0.00
517600606001,2045,125.21,0.00,0.00
517600606002,2024,115.21,0.00,0.00
517600606002,2045,115.21,0.00,0.00
517600606003,2024,178.65,0.00,0.00
517600606003,2045,178.65,0.00,0.00
517600607001,2024,448.80,0.00,0.00
517600607001,2045,448.80,0.00,0.00
517600607002,2024,867.86,0.00,0.00
517600607002,2045,867.86,0.00,0.00
517600607003,2024,175.36,0.00,0.00
517600607003,2045,175.36,0.00,0.00
517600607004,2024,126.94,0.00,0.00
517600607004,2045,126.94,0.00,0.00
517600607005,2024,100.91,0.00,0.00
517600607005,2045,100.91,0.00,0.00
517600608001,2024,335.03,0.00,0.00
517600608001,2045,335.03,0.00,0.00
517600608002,2024,1204.91,0.00,0.00
517600608002,2045,1204.91,0.00,0.00
517600608003,2024,73.11,0.00,0.00
517600608003,2045,73.11,0.00,0.00
517600608004,2024,105.55,0.00,0.00
517600608004,2045,105.55,0.00,0.00
517600609001,2024,689.93,0.00,0.00
517600609001,2045,689.93,0.00,0.00
517600610011,2024,147.85,0.00,0.00
517600610011,2045,147.85,0.00,0.00
517600610012,2024,127.57,0.00,0.00
517600610012,2045,127.57,0.00,0.00
517600610013,2024,30.76,0.00,0.00
517600610013,2045,30.76,0.00,0.00
517600610021,2024,39.90,0.00,0.00
517600610021,2045,39.90,0.00,0.00
517600610022,2024,42.44,0.00,0.00
517600610022,2045,42.44,0.00,0.00
517600610023,2024,358.64,0.00,0.00
517600610023,2045,358.64,0.00,0.00
517600701001,2024,546.71,0.00,0.00
517600701001,2045,546.71,0.00,0.00
517600701002,2024,468.90,0.00,0.00
517600701002,2045,468.90,0.00,0.00
517600701003,2024,835.00,0.00,0.00
517600701003,2045,835.00,0.00,0.00
517600701004,2024,591.51,0.00,0.00
517600701004,2045,591.51,0.00,0.00
517600703001,2024,552.61,0.00,0.00
517600703001,2045,552.61,0.00,0.00
517600703002,2024,302.25,0.00,0.00
517600703002,2045,302.25,0.00,0.00
517600704001,2024,697.91,0.00,0.00
517600704001,2045,697.91,0.00,0.00
517600704002,2024,512.13,0.00,0.00
517600704002,2045,512.13,0.00,0.00
517600704003,2024,493.41,0.00,0.00
517600704003,2045,493.41,0.00,0.00
517600706011,2024,420.31,0.00,0.00
517600706011,2045,420.31,0.00,0.00
517600706012,2024,313.62,0.00,0.00
517600706012,2045,313.62,0.00,0.00
517600706013,2024,52.71,0.00,0.00
517600706013,2045,52.71,0.00,0.00
517600706014,2024,72.01,0.00,0.00
517600706014,2045,72.01,0.00,0.00
517600706021,2024,337.37,0.00,0.00
517600706021,2045,337.37,0.00,0.00
517600706022,2024,178.98,0.00,0.00
517600706022,2045,178.98,0.00,0.00
517600707001,2024,154.92,0.00,0.00
517600707001,2045,154.92,0.00,0.00
517600707002,2024,480.82,0.00,0.00
517600707002,2045,480.82,0.00,0.00
517600707003,2024,489.91,0.00,0.00
517600707003,2045,489.91,0.00,0.00
517600708021,2024,266.80,0.00,0.00
517600708021,2045,266.80,0.00,0.00
517600708022,2024,469.33,0.00,0.00
517600708022,2045,469.33,0.00,0.00
517600708031,2024,326.31,0.00,0.00
517600708031,2045,326.31,0.00,0.00
517600708032,2024,370.51,0.00,0.00
517600708032,2045,370.51,0.00,0.00
517600708041,2024,422.53,0.00,0.00
517600708041,2045,422.53,0.00,0.00
517600708042,2024,222.37,0.00,0.00
517600708042,2045,222.37,0.00,0.00
517600708043,2024,177.67,0.00,0.00
517600708043,2045,177.67,0.00,0.00
517600709011,2024,343.89,0.00,0.00
517600709011,2045,343.89,0.00,0.00
517600709012,2024,521.98,0.00,0.00
517600709012,2045,521.98,0.00,0.00
517600709013,2024,293.30,0.00,0.00
517600709013,2045,293.30,0.00,0.00
517600709021,2024,215.65,0.00,0.00
517600709021,2045,215.65,0.00,0.00
517600709022,2024,223.27,0.00,0.00
517600709022,2045,223.27,0.00,0.00
517600709023,2024,429.82,0.00,0.00
517600709023,2045,429.82,0.00,0.00
517600710021,2024,255.28,0.00,0.00
517600710021,2045,255.28,0.00,0.00
517600710022,2024,302.62,0.00,0.00
517600710022,2045,302.62,0.00,0.00
517600710031,2024,253.65,0.00,0.00
517600710031,2045,253.65,0.00,0.00
517600710032,2024,100.20,0.00,0.00
517600710032,2045,100.20,0.00,0.00
517600710041,2024,139.28,0.00,0.00
517600710041,2045,139.28,0.00,0.00
517600710042,2024,182.98,0.00,0.00
517600710042,2045,182.98,0.00,0.00
517600711001,2024,312.78,0.00,0.00
517600711001,2045,312.78,0.00,0.00
517600711002,2024,113.95,0.00,0.00
517600711002,2045,113.95,0.00,0.00
517600711003,2024,198.77,0.00,0.00
517600711003,2045,198.77,0.00,0.00
517600711004,2024,369.73,0.00,0.00
517600711004,2045,369.73,0.00,0.00
