Geo,Year,Latitude,Longitude
510366001001,2024,36.69891829,-80.63658678
510366001001,2045,36.69891829,-80.63658678
510366001002,2024,36.59278459,-80.78802065
510366001002,2045,36.59278459,-80.78802065
510366002001,2024,37.34947622,-77.20885292
510366002001,2045,37.34947622,-77.20885292
510366002002,2024,37.41921252,-77.09143641
510366002002,2045,37.41921252,-77.09143641
510366003001,2024,37.35762133,-77.12173891
510366003001,2045,37.35762133,-77.12173891
510366003002,2024,37.3385739,-77.04435597
510366003002,2045,37.3385739,-77.04435597
510411001061,2024,37.46500069,-77.53340615
510411001061,2045,37.46500069,-77.53340615
510411001062,2024,37.46496132,-77.51302726
510411001062,2045,37.46496132,-77.51302726
510411001071,2024,37.38597875,-77.39205771
510411001071,2045,37.38597875,-77.39205771
510411001072,2024,37.44140354,-77.44727453
510411001072,2045,37.44140354,-77.44727453
510411002061,2024,37.39174486,-77.42355388
510411002061,2045,37.39174486,-77.42355388
510411002062,2024,37.40064682,-77.44396121
510411002062,2045,37.40064682,-77.44396121
510411002063,2024,37.38699882,-77.4341857
510411002063,2045,37.38699882,-77.4341857
510411002064,2024,37.26070026,-77.46609444
510411002064,2045,37.26070026,-77.46609444
510411002065,2024,37.29683936,-77.52109077
510411002065,2045,37.29683936,-77.52109077
510411002081,2024,37.451652,-77.46521407
510411002081,2045,37.451652,-77.46521407
510411002082,2024,37.41763776,-77.57361311
510411002082,2045,37.41763776,-77.57361311
510411002091,2024,37.40948944,-77.47106125
510411002091,2045,37.40948944,-77.47106125
510411002092,2024,37.40970745,-77.5248109
510411002092,2045,37.40970745,-77.5248109
510411002093,2024,37.50669525,-77.64888644
510411002093,2045,37.50669525,-77.64888644
510411002094,2024,37.51651438,-77.57860633
510411002094,2045,37.51651438,-77.57860633
510411002101,2024,37.52175709,-77.69530136
510411002101,2045,37.52175709,-77.69530136
510411002111,2024,37.54527916,-77.62907224
510411002111,2045,37.54527916,-77.62907224
510411002112,2024,37.49622568,-77.64281716
510411002112,2045,37.49622568,-77.64281716
510411002121,2024,37.42308795,-77.62204552
510411002121,2045,37.42308795,-77.62204552
510411002122,2024,37.436845,-77.58841392
510411002122,2045,37.436845,-77.58841392
510411002123,2024,37.5197769,-77.54344716
510411002123,2045,37.5197769,-77.54344716
510411003001,2024,37.35213016,-77.34482184
510411003001,2045,37.35213016,-77.34482184
510411003002,2024,37.51444225,-77.55790602
510411003002,2045,37.51444225,-77.55790602
510411004031,2024,37.51028337,-77.53142795
510411004031,2045,37.51028337,-77.53142795
510411004032,2024,37.50456038,-77.5411325
510411004032,2045,37.50456038,-77.5411325
510411004033,2024,37.24591524,-77.55595041
510411004033,2045,37.24591524,-77.55595041
510411004034,2024,37.28941801,-77.62835542
510411004034,2045,37.28941801,-77.62835542
510411004035,2024,37.43537483,-77.48017355
510411004035,2045,37.43537483,-77.48017355
510411004041,2024,37.45275676,-77.54785396
510411004041,2045,37.45275676,-77.54785396
510411004042,2024,37.46078869,-77.52424271
510411004042,2045,37.46078869,-77.52424271
510411004051,2024,37.45489921,-77.5024496
510411004051,2045,37.45489921,-77.5024496
510411004052,2024,37.34292188,-77.3678996
510411004052,2045,37.34292188,-77.3678996
510411004061,2024,37.36903152,-77.48099217
510411004061,2045,37.36903152,-77.48099217
510411004071,2024,37.4495022,-77.53091362
510411004071,2045,37.4495022,-77.53091362
510411004072,2024,37.49034029,-77.5417132
510411004072,2045,37.49034029,-77.5417132
510411004073,2024,37.4757131,-77.54493335
510411004073,2045,37.4757131,-77.54493335
510411004091,2024,37.45249872,-77.51765466
510411004091,2045,37.45249872,-77.51765466
510411004092,2024,37.47604626,-77.64117384
510411004092,2045,37.47604626,-77.64117384
510411004093,2024,37.46058138,-77.56090967
510411004093,2045,37.46058138,-77.56090967
510411004094,2024,37.44892557,-77.43716617
510411004094,2045,37.44892557,-77.43716617
510411004095,2024,37.35241359,-77.29870093
510411004095,2045,37.35241359,-77.29870093
510411004101,2024,37.41793476,-77.43172951
510411004101,2045,37.41793476,-77.43172951
510411004102,2024,37.49048548,-77.56942384
510411004102,2045,37.49048548,-77.56942384
510411005051,2024,37.45881562,-77.57662022
510411005051,2045,37.45881562,-77.57662022
510411005052,2024,37.4280315,-77.59637193
510411005052,2045,37.4280315,-77.59637193
510411005053,2024,37.47658014,-77.53255638
510411005053,2045,37.47658014,-77.53255638
510411005054,2024,37.22831174,-77.45568394
510411005054,2045,37.22831174,-77.45568394
510411005055,2024,37.47991061,-77.57884905
510411005055,2045,37.47991061,-77.57884905
510411005061,2024,37.49320333,-77.6118095
510411005061,2045,37.49320333,-77.6118095
510411005062,2024,37.46816979,-77.55193856
510411005062,2045,37.46816979,-77.55193856
510411005063,2024,37.49380955,-77.62365625
510411005063,2045,37.49380955,-77.62365625
510411005064,2024,37.48827615,-77.52631786
510411005064,2045,37.48827615,-77.52631786
510411005065,2024,37.47205187,-77.51708061
510411005065,2045,37.47205187,-77.51708061
510411005071,2024,37.36251816,-77.35716141
510411005071,2045,37.36251816,-77.35716141
510411005072,2024,37.46829491,-77.60604288
510411005072,2045,37.46829491,-77.60604288
510411005073,2024,37.45859847,-77.50945476
510411005073,2045,37.45859847,-77.50945476
510411005081,2024,37.32996847,-77.40404901
510411005081,2045,37.32996847,-77.40404901
510411005082,2024,37.46195776,-77.50271331
510411005082,2045,37.46195776,-77.50271331
510411005091,2024,37.43203665,-77.43548367
510411005091,2045,37.43203665,-77.43548367
510411005092,2024,37.35401132,-77.55980375
510411005092,2045,37.35401132,-77.55980375
510411005093,2024,37.53399092,-77.61591351
510411005093,2045,37.53399092,-77.61591351
510411005094,2024,37.49297399,-77.65150171
510411005094,2045,37.49297399,-77.65150171
510411005101,2024,37.45666769,-77.45531618
510411005101,2045,37.45666769,-77.45531618
510411005102,2024,37.44336847,-77.46055674
510411005102,2045,37.44336847,-77.46055674
510411006001,2024,37.38531685,-77.41193733
510411006001,2045,37.38531685,-77.41193733
510411006002,2024,37.49845509,-77.67257496
510411006002,2045,37.49845509,-77.67257496
510411006003,2024,37.43392846,-77.44591603
510411006003,2045,37.43392846,-77.44591603
510411007011,2024,37.41976472,-77.44554603
510411007011,2045,37.41976472,-77.44554603
510411007012,2024,37.44856289,-77.49649099
510411007012,2045,37.44856289,-77.49649099
510411007013,2024,37.52858116,-77.59026289
510411007013,2045,37.52858116,-77.59026289
510411007014,2024,37.3640755,-77.42534954
510411007014,2045,37.3640755,-77.42534954
510411007021,2024,37.37146586,-77.44723186
510411007021,2045,37.37146586,-77.44723186
510411007041,2024,37.35894938,-77.44965533
510411007041,2045,37.35894938,-77.44965533
510411007042,2024,37.3665537,-77.41066902
510411007042,2045,37.3665537,-77.41066902
510411007043,2024,37.37143414,-77.43381688
510411007043,2045,37.37143414,-77.43381688
510411007051,2024,37.37955492,-77.44025044
510411007051,2045,37.37955492,-77.44025044
510411007052,2024,37.35985154,-77.45599426
510411007052,2045,37.35985154,-77.45599426
510411008041,2024,37.35368868,-77.43179506
510411008041,2045,37.35368868,-77.43179506
510411008042,2024,37.31583525,-77.42288083
510411008042,2045,37.31583525,-77.42288083
510411008043,2024,37.34295217,-77.45582943
510411008043,2045,37.34295217,-77.45582943
510411008051,2024,37.34687595,-77.41524054
510411008051,2045,37.34687595,-77.41524054
510411008052,2024,37.34520678,-77.44170221
510411008052,2045,37.34520678,-77.44170221
510411008053,2024,37.34888997,-77.4379148
510411008053,2045,37.34888997,-77.4379148
510411008054,2024,37.33793206,-77.43998899
510411008054,2045,37.33793206,-77.43998899
510411008061,2024,37.43288211,-77.66122531
510411008061,2045,37.43288211,-77.66122531
510411008062,2024,37.46920837,-77.62046716
510411008062,2045,37.46920837,-77.62046716
510411008071,2024,37.30901088,-77.40459017
510411008071,2045,37.30901088,-77.40459017
510411008121,2024,37.32645836,-77.44595005
510411008121,2045,37.32645836,-77.44595005
510411008122,2024,37.31866959,-77.32006981
510411008122,2045,37.31866959,-77.32006981
510411008123,2024,37.30987874,-77.46423771
510411008123,2045,37.30987874,-77.46423771
510411008141,2024,37.34387356,-77.49610549
510411008141,2045,37.34387356,-77.49610549
510411008142,2024,37.33172772,-77.41602815
510411008142,2045,37.33172772,-77.41602815
510411008151,2024,37.33360284,-77.43089965
510411008151,2045,37.33360284,-77.43089965
510411008152,2024,37.31695496,-77.44556052
510411008152,2045,37.31695496,-77.44556052
510411008161,2024,37.296203,-77.43193296
510411008161,2045,37.296203,-77.43193296
510411008162,2024,37.33322355,-77.33455408
510411008162,2045,37.33322355,-77.33455408
510411008163,2024,37.29360105,-77.41080547
510411008163,2045,37.29360105,-77.41080547
510411008171,2024,37.32637096,-77.37776166
510411008171,2045,37.32637096,-77.37776166
510411008172,2024,37.30832369,-77.37544762
510411008172,2045,37.30832369,-77.37544762
510411008181,2024,37.33440536,-77.34756135
510411008181,2045,37.33440536,-77.34756135
510411008182,2024,37.25001931,-77.42086576
510411008182,2045,37.25001931,-77.42086576
510411008191,2024,37.23868515,-77.42050538
510411008191,2045,37.23868515,-77.42050538
510411008192,2024,37.23307558,-77.42832885
510411008192,2045,37.23307558,-77.42832885
510411008193,2024,37.25956278,-77.42776214
510411008193,2045,37.25956278,-77.42776214
510411008201,2024,37.24201989,-77.43837567
510411008201,2045,37.24201989,-77.43837567
510411008202,2024,37.23479561,-77.47215847
510411008202,2045,37.23479561,-77.47215847
510411008211,2024,37.45427739,-77.47671172
510411008211,2045,37.45427739,-77.47671172
510411008212,2024,37.44217563,-77.48315086
510411008212,2045,37.44217563,-77.48315086
510411008213,2024,37.254732,-77.52925689
510411008213,2045,37.254732,-77.52925689
510411008221,2024,37.31233849,-77.59597725
510411008221,2045,37.31233849,-77.59597725
510411008222,2024,37.33483791,-77.59138808
510411008222,2045,37.33483791,-77.59138808
510411008223,2024,37.42200682,-77.49313046
510411008223,2045,37.42200682,-77.49313046
510411008231,2024,37.43861314,-77.55466309
510411008231,2045,37.43861314,-77.55466309
510411008232,2024,37.42702251,-77.47999106
510411008232,2045,37.42702251,-77.47999106
510411008233,2024,37.41965717,-77.61343138
510411008233,2045,37.41965717,-77.61343138
510411009021,2024,37.43748921,-77.45820955
510411009021,2045,37.43748921,-77.45820955
510411009022,2024,37.43249622,-77.46652886
510411009022,2045,37.43249622,-77.46652886
510411009023,2024,37.4200737,-77.46254928
510411009023,2045,37.4200737,-77.46254928
510411009071,2024,37.44318665,-77.57439255
510411009071,2045,37.44318665,-77.57439255
510411009072,2024,37.43531786,-77.54251484
510411009072,2045,37.43531786,-77.54251484
510411009101,2024,37.41178922,-77.49091601
510411009101,2045,37.41178922,-77.49091601
510411009102,2024,37.42485548,-77.54215473
510411009102,2045,37.42485548,-77.54215473
510411009103,2024,37.39970051,-77.49742392
510411009103,2045,37.39970051,-77.49742392
510411009104,2024,37.48039797,-77.56599229
510411009104,2045,37.48039797,-77.56599229
510411009121,2024,37.49054047,-77.65800157
510411009121,2045,37.49054047,-77.65800157
510411009122,2024,37.39860812,-77.46800401
510411009122,2045,37.39860812,-77.46800401
510411009123,2024,37.38743488,-77.46105236
510411009123,2045,37.38743488,-77.46105236
510411009124,2024,37.38725559,-77.47438068
510411009124,2045,37.38725559,-77.47438068
510411009151,2024,37.38028463,-77.47920397
510411009151,2045,37.38028463,-77.47920397
510411009152,2024,37.37864156,-77.4951874
510411009152,2045,37.37864156,-77.4951874
510411009191,2024,37.38614888,-77.500999
510411009191,2045,37.38614888,-77.500999
510411009192,2024,37.53641918,-77.55502004
510411009192,2045,37.53641918,-77.55502004
510411009193,2024,37.42791946,-77.5224839
510411009193,2045,37.42791946,-77.5224839
510411009201,2024,37.49876505,-77.5798629
510411009201,2045,37.49876505,-77.5798629
510411009211,2024,37.4387964,-77.5067444
510411009211,2045,37.4387964,-77.5067444
510411009212,2024,37.42513168,-77.50356069
510411009212,2045,37.42513168,-77.50356069
510411009213,2024,37.34320397,-77.52691163
510411009213,2045,37.34320397,-77.52691163
510411009214,2024,37.54250896,-77.60566991
510411009214,2045,37.54250896,-77.60566991
510411009221,2024,37.48597465,-77.68467387
510411009221,2045,37.48597465,-77.68467387
510411009222,2024,37.38203241,-77.56716555
510411009222,2045,37.38203241,-77.56716555
510411009223,2024,37.36373678,-77.46614172
510411009223,2045,37.36373678,-77.46614172
510411009231,2024,37.36224678,-77.4927259
510411009231,2045,37.36224678,-77.4927259
510411009232,2024,37.52919451,-77.56544189
510411009232,2045,37.52919451,-77.56544189
510411009241,2024,37.51010724,-77.56932267
510411009241,2045,37.51010724,-77.56932267
510411009242,2024,37.50008866,-77.55581506
510411009242,2045,37.50008866,-77.55581506
510411009261,2024,37.48300316,-77.59027811
510411009261,2045,37.48300316,-77.59027811
510411009262,2024,37.46940123,-77.57688356
510411009262,2045,37.46940123,-77.57688356
510411009263,2024,37.47177029,-77.58862355
510411009263,2045,37.47177029,-77.58862355
510411009264,2024,37.44328467,-77.65727335
510411009264,2045,37.44328467,-77.65727335
510411009281,2024,37.44192315,-77.64352933
510411009281,2045,37.44192315,-77.64352933
510411009282,2024,37.4275779,-77.64084308
510411009282,2045,37.4275779,-77.64084308
510411009283,2024,37.51136681,-77.62413009
510411009283,2045,37.51136681,-77.62413009
510411009291,2024,37.44500772,-77.62306659
510411009291,2045,37.44500772,-77.62306659
510411009292,2024,37.45917443,-77.6025901
510411009292,2045,37.45917443,-77.6025901
510411009293,2024,37.514561,-77.67404044
510411009293,2045,37.514561,-77.67404044
510411009294,2024,37.44674842,-77.59768975
510411009294,2045,37.44674842,-77.59768975
510411009301,2024,37.51244403,-77.60241562
510411009301,2045,37.51244403,-77.60241562
510411009302,2024,37.5220564,-77.601237
510411009302,2045,37.5220564,-77.601237
510411009311,2024,37.52020218,-77.58252952
510411009311,2045,37.52020218,-77.58252952
510411009312,2024,37.51901745,-77.59277542
510411009312,2045,37.51901745,-77.59277542
510411009313,2024,37.49701285,-77.59332835
510411009313,2045,37.49701285,-77.59332835
510411009321,2024,37.48859781,-77.55630646
510411009321,2045,37.48859781,-77.55630646
510411009322,2024,37.55262209,-77.64770899
510411009322,2045,37.55262209,-77.64770899
510411009331,2024,37.46586208,-77.64146364
510411009331,2045,37.46586208,-77.64146364
510411009332,2024,37.48520549,-77.64972258
510411009332,2045,37.48520549,-77.64972258
510411009341,2024,37.48818965,-77.63265677
510411009341,2045,37.48818965,-77.63265677
510411009342,2024,37.47795773,-77.61134385
510411009342,2045,37.47795773,-77.61134385
510411009343,2024,37.4242439,-77.60575333
510411009343,2045,37.4242439,-77.60575333
510411009344,2024,37.54231129,-77.6650092
510411009344,2045,37.54231129,-77.6650092
510411009351,2024,37.51612638,-77.65194458
510411009351,2045,37.51612638,-77.65194458
510411009352,2024,37.4552418,-77.65188538
510411009352,2045,37.4552418,-77.65188538
510411009361,2024,37.47817748,-77.71528933
510411009361,2045,37.47817748,-77.71528933
510411009362,2024,37.42965407,-77.70734838
510411009362,2045,37.42965407,-77.70734838
510411009371,2024,37.43514232,-77.75280091
510411009371,2045,37.43514232,-77.75280091
510411009372,2024,37.41580419,-77.80750295
510411009372,2045,37.41580419,-77.80750295
510411009381,2024,37.34171063,-77.64905431
510411009381,2045,37.34171063,-77.64905431
510411009382,2024,37.31217338,-77.7198924
510411009382,2045,37.31217338,-77.7198924
510411010031,2024,37.41654573,-77.67874065
510411010031,2045,37.41654573,-77.67874065
510411010032,2024,37.41721538,-77.6652328
510411010032,2045,37.41721538,-77.6652328
510411010033,2024,37.41447379,-77.69101269
510411010033,2045,37.41447379,-77.69101269
510411010034,2024,37.39608859,-77.6842955
510411010034,2045,37.39608859,-77.6842955
510411010041,2024,37.38451013,-77.71637408
510411010041,2045,37.38451013,-77.71637408
510411010042,2024,37.39899351,-77.66038722
510411010042,2045,37.39899351,-77.66038722
510411010043,2024,37.40441552,-77.63726524
510411010043,2045,37.40441552,-77.63726524
510411010071,2024,37.40611615,-77.65032237
510411010071,2045,37.40611615,-77.65032237
510411010072,2024,37.38804925,-77.62194019
510411010072,2045,37.38804925,-77.62194019
510411010073,2024,37.36480938,-77.63661221
510411010073,2045,37.36480938,-77.63661221
510411010081,2024,37.38471111,-77.65964827
510411010081,2045,37.38471111,-77.65964827
510411010082,2024,37.37547211,-77.65463566
510411010082,2045,37.37547211,-77.65463566
510411010091,2024,39.11351596,-78.05623388
510411010091,2045,39.11351596,-78.05623388
510411010092,2024,39.06931628,-78.0132482
510411010092,2045,39.06931628,-78.0132482
510411010093,2024,39.05268731,-78.09856681
510411010093,2045,39.05268731,-78.09856681
510411010111,2024,37.5754088,-80.1483671
510411010111,2045,37.5754088,-80.1483671
510411010112,2024,38.55562618,-78.01531446
510411010112,2045,38.55562618,-78.01531446
510411010121,2024,38.49994983,-78.01101158
510411010121,2045,38.49994983,-78.01101158
510411010122,2024,38.40913668,-77.77604829
510411010122,2045,38.40913668,-77.77604829
510411010123,2024,38.41858894,-78.08995094
510411010123,2045,38.41858894,-78.08995094
510411010131,2024,37.41973386,-77.59181608
510411010131,2045,37.41973386,-77.59181608
510411010132,2024,37.45238293,-77.67017353
510411010132,2045,37.45238293,-77.67017353
510411010141,2024,37.5325235,-77.65255314
510411010141,2045,37.5325235,-77.65255314
510411010151,2024,37.52390258,-77.6353832
510411010151,2045,37.52390258,-77.6353832
510411010152,2024,37.45492553,-77.67907831
510411010152,2045,37.45492553,-77.67907831
510411010153,2024,37.38264825,-77.69091376
510411010153,2045,37.38264825,-77.69091376
510754001011,2024,37.33100741,-76.45807511
510754001011,2045,37.33100741,-76.45807511
510754001012,2024,37.61867435,-77.6945721
510754001012,2045,37.61867435,-77.6945721
510754001021,2024,37.58759681,-77.66946686
510754001021,2045,37.58759681,-77.66946686
510754001022,2024,37.64965127,-77.68682881
510754001022,2045,37.64965127,-77.68682881
510754002001,2024,37.69640052,-77.76488713
510754002001,2045,37.69640052,-77.76488713
510754002002,2024,37.64168152,-77.7672207
510754002002,2045,37.64168152,-77.7672207
510754002003,2024,37.67510068,-77.8269328
510754002003,2045,37.67510068,-77.8269328
510754002004,2024,37.65590291,-77.86219247
510754002004,2045,37.65590291,-77.86219247
510754003001,2024,37.69509209,-77.98361566
510754003001,2045,37.69509209,-77.98361566
510754004001,2024,37.79644885,-77.94971118
510754004001,2045,37.79644885,-77.94971118
510754004002,2024,37.74554387,-77.89116573
510754004002,2045,37.74554387,-77.89116573
510754004003,2024,37.79828665,-78.00590108
510754004003,2045,37.79828665,-78.00590108
510754004004,2024,37.72270632,-77.8263087
510754004004,2045,37.72270632,-77.8263087
510754005001,2024,37.71786031,-77.91663441
510754005001,2045,37.71786031,-77.91663441
510754005002,2024,37.83013935,-78.06806391
510754005002,2045,37.83013935,-78.06806391
510754005003,2024,37.71554135,-78.07445305
510754005003,2045,37.71554135,-78.07445305
510853201001,2024,37.76243166,-77.40798157
510853201001,2045,37.76243166,-77.40798157
510853201002,2024,37.69489865,-77.35692717
510853201002,2045,37.69489865,-77.35692717
510853201003,2024,37.73578829,-77.33297058
510853201003,2045,37.73578829,-77.33297058
510853201004,2024,37.65782058,-77.42069055
510853201004,2045,37.65782058,-77.42069055
510853202001,2024,37.63356926,-77.34373205
510853202001,2045,37.63356926,-77.34373205
510853202002,2024,37.65706106,-77.31409095
510853202002,2045,37.65706106,-77.31409095
510853202003,2024,37.63388239,-77.33198161
510853202003,2045,37.63388239,-77.33198161
510853203001,2024,37.61772106,-77.37439507
510853203001,2045,37.61772106,-77.37439507
510853203002,2024,37.61678723,-77.30738152
510853203002,2045,37.61678723,-77.30738152
510853203003,2024,37.62403776,-77.179201
510853203003,2045,37.62403776,-77.179201
510853204001,2024,37.5759904,-77.55877662
510853204001,2045,37.5759904,-77.55877662
510853204002,2024,36.71945357,-78.89319151
510853204002,2045,36.71945357,-78.89319151
510853204003,2024,37.8570733,-77.46329191
510853204003,2045,37.8570733,-77.46329191
510853205001,2024,37.85583898,-77.53506303
510853205001,2045,37.85583898,-77.53506303
510853205002,2024,37.87865622,-77.6167222
510853205002,2045,37.87865622,-77.6167222
510853205003,2024,37.82554491,-77.63511147
510853205003,2045,37.82554491,-77.63511147
510853206011,2024,37.77410208,-77.48865106
510853206011,2045,37.77410208,-77.48865106
510853206012,2024,37.62317361,-77.25931714
510853206012,2045,37.62317361,-77.25931714
510853206013,2024,37.93651487,-77.66914763
510853206013,2045,37.93651487,-77.66914763
510853206021,2024,37.72790521,-77.61056846
510853206021,2045,37.72790521,-77.61056846
510853206022,2024,37.78556949,-77.65030754
510853206022,2045,37.78556949,-77.65030754
510853207011,2024,37.57974091,-77.24444088
510853207011,2045,37.57974091,-77.24444088
510853207012,2024,37.73865386,-77.67604683
510853207012,2045,37.73865386,-77.67604683
510853207021,2024,37.74534436,-77.50443507
510853207021,2045,37.74534436,-77.50443507
510853207022,2024,37.77193032,-77.54845893
510853207022,2045,37.77193032,-77.54845893
510853208011,2024,37.60942672,-77.39146153
510853208011,2045,37.60942672,-77.39146153
510853208031,2024,37.73295147,-77.73523061
510853208031,2045,37.73295147,-77.73523061
510853208032,2024,37.70010742,-77.47687822
510853208032,2045,37.70010742,-77.47687822
510853208033,2024,37.70107242,-77.45677789
510853208033,2045,37.70107242,-77.45677789
510853208041,2024,37.63380681,-77.40208467
510853208041,2045,37.63380681,-77.40208467
510853208042,2024,37.60247485,-77.36239849
510853208042,2045,37.60247485,-77.36239849
510853208043,2024,37.59552258,-77.36823559
510853208043,2045,37.59552258,-77.36823559
510853208051,2024,37.73046556,-77.55002665
510853208051,2045,37.73046556,-77.55002665
510853208052,2024,37.60655788,-77.37901719
510853208052,2045,37.60655788,-77.37901719
510853209011,2024,37.79613772,-77.50411583
510853209011,2045,37.79613772,-77.50411583
510853209012,2024,37.77658746,-77.47201352
510853209012,2045,37.77658746,-77.47201352
510853209013,2024,37.77706104,-77.45860673
510853209013,2045,37.77706104,-77.45860673
510853209021,2024,37.73956944,-77.47710433
510853209021,2045,37.73956944,-77.47710433
510853209022,2024,37.75225964,-77.46625483
510853209022,2045,37.75225964,-77.46625483
510853210011,2024,37.70148438,-77.39065639
510853210011,2045,37.70148438,-77.39065639
510853210012,2024,37.72099462,-77.43516867
510853210012,2045,37.72099462,-77.43516867
510853210013,2024,37.66666554,-77.3953615
510853210013,2045,37.66666554,-77.3953615
510853210031,2024,37.69818401,-77.41880636
510853210031,2045,37.69818401,-77.41880636
510853210041,2024,37.64977065,-77.34172773
510853210041,2045,37.64977065,-77.34172773
510853210042,2024,37.62928184,-77.32448748
510853210042,2045,37.62928184,-77.32448748
510853210043,2024,37.68486269,-77.4082593
510853210043,2045,37.68486269,-77.4082593
510853211001,2024,37.60915606,-77.32531876
510853211001,2045,37.60915606,-77.32531876
510853211002,2024,37.6854233,-77.4280387
510853211002,2045,37.6854233,-77.4280387
510853211003,2024,37.69231437,-77.4249252
510853211003,2045,37.69231437,-77.4249252
510853212011,2024,37.67325094,-77.41261179
510853212011,2045,37.67325094,-77.41261179
510853212012,2024,37.67850844,-77.43405006
510853212012,2045,37.67850844,-77.43405006
510853212013,2024,37.65146763,-77.3668051
510853212013,2045,37.65146763,-77.3668051
510853212021,2024,37.66521357,-77.3670436
510853212021,2045,37.66521357,-77.3670436
510853212022,2024,37.63944481,-77.37130348
510853212022,2045,37.63944481,-77.37130348
510853212023,2024,37.62381665,-77.35598794
510853212023,2045,37.62381665,-77.35598794
510853213001,2024,37.61410216,-77.34931187
510853213001,2045,37.61410216,-77.34931187
510853213002,2024,37.59217885,-77.33622057
510853213002,2045,37.59217885,-77.33622057
510853213003,2024,37.62393777,-77.31765889
510853213003,2045,37.62393777,-77.31765889
510853213004,2024,37.60507979,-77.34628532
510853213004,2045,37.60507979,-77.34628532
510853214011,2024,37.57873049,-77.30707487
510853214011,2045,37.57873049,-77.30707487
510853214021,2024,37.57921234,-77.33324596
510853214021,2045,37.57921234,-77.33324596
510853214022,2024,37.60039869,-77.31708917
510853214022,2045,37.60039869,-77.31708917
510853214031,2024,37.5818192,-77.28632297
510853214031,2045,37.5818192,-77.28632297
510872001061,2024,37.67860915,-77.25896011
510872001061,2045,37.67860915,-77.25896011
510872001062,2024,37.59939024,-77.57018197
510872001062,2045,37.59939024,-77.57018197
510872001063,2024,37.6035332,-77.58104644
510872001063,2045,37.6035332,-77.58104644
510872001064,2024,37.59717607,-77.58056271
510872001064,2045,37.59717607,-77.58056271
510872001081,2024,37.59901531,-77.58804978
510872001081,2045,37.59901531,-77.58804978
510872001082,2024,37.56463467,-77.55298993
510872001082,2045,37.56463467,-77.55298993
510872001091,2024,37.56787044,-77.60981069
510872001091,2045,37.56787044,-77.60981069
510872001092,2024,37.57779228,-77.57413238
510872001092,2045,37.57779228,-77.57413238
510872001093,2024,37.60367123,-77.61192321
510872001093,2045,37.60367123,-77.61192321
510872001221,2024,37.60658802,-77.62389665
510872001221,2045,37.60658802,-77.62389665
510872001222,2024,37.610442,-77.59216268
510872001222,2045,37.610442,-77.59216268
510872001223,2024,37.61323802,-77.59699952
510872001223,2045,37.61323802,-77.59699952
510872001231,2024,37.65013036,-77.63091818
510872001231,2045,37.65013036,-77.63091818
510872001232,2024,37.6826991,-77.57392658
510872001232,2045,37.6826991,-77.57392658
510872001233,2024,37.59980884,-77.520806
510872001233,2045,37.59980884,-77.520806
510872001241,2024,37.64188028,-77.53896661
510872001241,2045,37.64188028,-77.53896661
510872001242,2024,37.64503932,-77.5465268
510872001242,2045,37.64503932,-77.5465268
510872001243,2024,37.63909332,-77.51939459
510872001243,2045,37.63909332,-77.51939459
510872001251,2024,37.63975749,-77.5266238
510872001251,2045,37.63975749,-77.5266238
510872001252,2024,37.65481388,-77.54967526
510872001252,2045,37.65481388,-77.54967526
510872001253,2024,37.61465707,-77.51049658
510872001253,2045,37.61465707,-77.51049658
510872001254,2024,37.62004917,-77.50607321
510872001254,2045,37.62004917,-77.50607321
510872001261,2024,37.5988306,-77.50534932
510872001261,2045,37.5988306,-77.50534932
510872001262,2024,37.60922563,-77.47751878
510872001262,2045,37.60922563,-77.47751878
510872001263,2024,37.60614068,-77.4583681
510872001263,2045,37.60614068,-77.4583681
510872001271,2024,37.60070603,-77.46088916
510872001271,2045,37.60070603,-77.46088916
510872001272,2024,37.66720742,-77.4426056
510872001272,2045,37.66720742,-77.4426056
510872001273,2024,37.67153717,-77.46638372
510872001273,2045,37.67153717,-77.46638372
510872001274,2024,37.59371274,-77.40003453
510872001274,2045,37.59371274,-77.40003453
510872001311,2024,37.57801695,-77.36545718
510872001311,2045,37.57801695,-77.36545718
510872001312,2024,37.57800363,-77.40820106
510872001312,2045,37.57800363,-77.40820106
510872001321,2024,37.52769316,-77.37225444
510872001321,2045,37.52769316,-77.37225444
510872001322,2024,37.54724676,-77.36928106
510872001322,2045,37.54724676,-77.36928106
510872001331,2024,37.53203432,-77.25156675
510872001331,2045,37.53203432,-77.25156675
510872001332,2024,37.47020585,-77.32252375
510872001332,2045,37.47020585,-77.32252375
510872001333,2024,37.46397447,-77.25087046
510872001333,2045,37.46397447,-77.25087046
510872001341,2024,37.40983378,-77.33934962
510872001341,2045,37.40983378,-77.33934962
510872001342,2024,37.46872361,-77.39316216
510872001342,2045,37.46872361,-77.39316216
510872001343,2024,36.70806995,-79.89202978
510872001343,2045,36.70806995,-79.89202978
510872001351,2024,36.64293278,-79.87772927
510872001351,2045,36.64293278,-79.87772927
510872001352,2024,36.56799787,-79.90911226
510872001352,2045,36.56799787,-79.90911226
510872001361,2024,36.65773438,-79.93647749
510872001361,2045,36.65773438,-79.93647749
510872001362,2024,36.65582522,-79.97299254
510872001362,2045,36.65582522,-79.97299254
510872001371,2024,36.65142896,-80.02986991
510872001371,2045,36.65142896,-80.02986991
510872001372,2024,36.7281852,-80.02646519
510872001372,2045,36.7281852,-80.02646519
510872001381,2024,36.70657461,-79.98017235
510872001381,2045,36.70657461,-79.98017235
510872001382,2024,36.76299424,-80.00962834
510872001382,2045,36.76299424,-80.00962834
510872001383,2024,36.77394907,-80.05625617
510872001383,2045,36.77394907,-80.05625617
510872001391,2024,36.74971832,-80.05189532
510872001391,2045,36.74971832,-80.05189532
510872001392,2024,36.78459903,-79.92042872
510872001392,2045,36.78459903,-79.92042872
510872001393,2024,37.58253836,-77.56618427
510872001393,2045,37.58253836,-77.56618427
510872001401,2024,37.65218457,-77.52526933
510872001401,2045,37.65218457,-77.52526933
510872001402,2024,37.66313659,-77.51859973
510872001402,2045,37.66313659,-77.51859973
510872001411,2024,37.63051011,-77.47742409
510872001411,2045,37.63051011,-77.47742409
510872001412,2024,37.6241299,-77.61393391
510872001412,2045,37.6241299,-77.61393391
510872001421,2024,37.62707428,-77.62296283
510872001421,2045,37.62707428,-77.62296283
510872001422,2024,37.62998538,-77.63296549
510872001422,2045,37.62998538,-77.63296549
510872001423,2024,37.61566523,-77.62480691
510872001423,2045,37.61566523,-77.62480691
510872001431,2024,37.60423046,-77.46920582
510872001431,2045,37.60423046,-77.46920582
510872001441,2024,37.61587951,-77.64467763
510872001441,2045,37.61587951,-77.64467763
510872001442,2024,37.68583019,-77.60561253
510872001442,2045,37.68583019,-77.60561253
510872001443,2024,37.53531561,-77.32358097
510872001443,2045,37.53531561,-77.32358097
510872001451,2024,37.61580985,-77.64019613
510872001451,2045,37.61580985,-77.64019613
510872001452,2024,37.6055335,-77.49624438
510872001452,2045,37.6055335,-77.49624438
510872001461,2024,37.62136355,-77.64113514
510872001461,2045,37.62136355,-77.64113514
510872001462,2024,37.58358516,-77.58931575
510872001462,2045,37.58358516,-77.58931575
510872001463,2024,37.63796546,-77.64350756
510872001463,2045,37.63796546,-77.64350756
510872001471,2024,37.61475054,-77.61144058
510872001471,2045,37.61475054,-77.61144058
510872001472,2024,37.62074881,-77.49452872
510872001472,2045,37.62074881,-77.49452872
510872001473,2024,37.61946036,-77.63487083
510872001473,2045,37.61946036,-77.63487083
510872001481,2024,37.62918454,-77.5584939
510872001481,2045,37.62918454,-77.5584939
510872001482,2024,37.63118585,-77.54709063
510872001482,2045,37.63118585,-77.54709063
510872001483,2024,37.63498451,-77.55473544
510872001483,2045,37.63498451,-77.55473544
510872001491,2024,37.63454673,-77.56276733
510872001491,2045,37.63454673,-77.56276733
510872001492,2024,37.63118932,-77.56410807
510872001492,2045,37.63118932,-77.56410807
510872001493,2024,37.68992052,-77.51483559
510872001493,2045,37.68992052,-77.51483559
510872001494,2024,37.60449513,-77.4275866
510872001494,2045,37.60449513,-77.4275866
510872001501,2024,37.46195408,-77.35332695
510872001501,2045,37.46195408,-77.35332695
510872001502,2024,37.45003371,-77.40700021
510872001502,2045,37.45003371,-77.40700021
510872001503,2024,37.62736152,-77.55456998
510872001503,2045,37.62736152,-77.55456998
510872001511,2024,37.62721992,-77.64003105
510872001511,2045,37.62721992,-77.64003105
510872001512,2024,37.64704345,-77.6040992
510872001512,2045,37.64704345,-77.6040992
510872001513,2024,37.58694315,-77.42832552
510872001513,2045,37.58694315,-77.42832552
510872001514,2024,37.51060544,-77.37956345
510872001514,2045,37.51060544,-77.37956345
510872001521,2024,37.63775322,-77.55959112
510872001521,2045,37.63775322,-77.55959112
510872001522,2024,37.62208908,-77.53326697
510872001522,2045,37.62208908,-77.53326697
510872001531,2024,37.62614024,-77.57792101
510872001531,2045,37.62614024,-77.57792101
510872001532,2024,37.63082899,-77.6036723
510872001532,2045,37.63082899,-77.6036723
510872001533,2024,37.63087291,-77.59155558
510872001533,2045,37.63087291,-77.59155558
510872002011,2024,37.66063856,-77.60525621
510872002011,2045,37.66063856,-77.60525621
510872002012,2024,37.63156726,-77.58344366
510872002012,2045,37.63156726,-77.58344366
510872002021,2024,37.60135103,-77.54105583
510872002021,2045,37.60135103,-77.54105583
510872002022,2024,37.62967507,-77.46771577
510872002022,2045,37.62967507,-77.46771577
510872002023,2024,37.60779425,-77.54588479
510872002023,2045,37.60779425,-77.54588479
510872002024,2024,37.63657952,-77.50388416
510872002024,2045,37.63657952,-77.50388416
510872003011,2024,37.61773219,-77.54921404
510872003011,2045,37.61773219,-77.54921404
510872003012,2024,37.69794104,-77.60139023
510872003012,2045,37.69794104,-77.60139023
510872003021,2024,37.60948047,-77.55691764
510872003021,2045,37.60948047,-77.55691764
510872003022,2024,37.61309712,-77.5822983
510872003022,2045,37.61309712,-77.5822983
510872003023,2024,37.59172876,-77.61331791
510872003023,2045,37.59172876,-77.61331791
510872003031,2024,37.64757682,-77.51332087
510872003031,2045,37.64757682,-77.51332087
510872003032,2024,37.59492892,-77.604589
510872003032,2045,37.59492892,-77.604589
510872003051,2024,37.61956617,-77.59901025
510872003051,2045,37.61956617,-77.59901025
510872003052,2024,37.64978166,-77.60354514
510872003052,2045,37.64978166,-77.60354514
510872003053,2024,37.5953948,-77.59893588
510872003053,2045,37.5953948,-77.59893588
510872004041,2024,37.59181196,-77.57724222
510872004041,2045,37.59181196,-77.57724222
510872004042,2024,37.61241147,-77.51616559
510872004042,2045,37.61241147,-77.51616559
510872004043,2024,37.53679242,-77.37475072
510872004043,2045,37.53679242,-77.37475072
510872004071,2024,37.59274948,-77.59018139
510872004071,2045,37.59274948,-77.59018139
510872004072,2024,37.6597101,-77.62816521
510872004072,2045,37.6597101,-77.62816521
510872004073,2024,37.62425444,-77.42264906
510872004073,2045,37.62425444,-77.42264906
510872004074,2024,37.60185508,-77.59953929
510872004074,2045,37.60185508,-77.59953929
510872004091,2024,37.66474513,-77.53616435
510872004091,2045,37.66474513,-77.53616435
510872004111,2024,37.53906744,-77.35730608
510872004111,2045,37.53906744,-77.35730608
510872004112,2024,37.60352188,-77.63048149
510872004112,2045,37.60352188,-77.63048149
510872004113,2024,37.70233411,-77.62239335
510872004113,2045,37.70233411,-77.62239335
510872004114,2024,37.58367667,-77.42959612
510872004114,2045,37.58367667,-77.42959612
510872004115,2024,37.65308161,-77.48484466
510872004115,2045,37.65308161,-77.48484466
510872004121,2024,37.60958549,-77.58781819
510872004121,2045,37.60958549,-77.58781819
510872004122,2024,37.61956735,-77.56683585
510872004122,2045,37.61956735,-77.56683585
510872004131,2024,37.49722423,-77.20981086
510872004131,2045,37.49722423,-77.20981086
510872004132,2024,37.50675882,-77.3891236
510872004132,2045,37.50675882,-77.3891236
510872004133,2024,37.62915827,-77.6447886
510872004133,2045,37.62915827,-77.6447886
510872004141,2024,37.68384233,-77.53700624
510872004141,2045,37.68384233,-77.53700624
510872004142,2024,37.65161365,-77.6440688
510872004142,2045,37.65161365,-77.6440688
510872004143,2024,37.6500471,-77.61773116
510872004143,2045,37.6500471,-77.61773116
510872004151,2024,37.63999386,-77.60424539
510872004151,2045,37.63999386,-77.60424539
510872004152,2024,37.5470821,-77.34802926
510872004152,2045,37.5470821,-77.34802926
510872004153,2024,37.63549273,-77.61915654
510872004153,2045,37.63549273,-77.61915654
510872004161,2024,37.61603034,-77.57233935
510872004161,2045,37.61603034,-77.57233935
510872004162,2024,37.63948617,-77.6228751
510872004162,2045,37.63948617,-77.6228751
510872004163,2024,37.7004488,-77.60871782
510872004163,2045,37.7004488,-77.60871782
510872004164,2024,37.64326684,-77.62565723
510872004164,2045,37.64326684,-77.62565723
510872004171,2024,37.60558884,-77.56606493
510872004171,2045,37.60558884,-77.56606493
510872004172,2024,37.64251969,-77.58937101
510872004172,2045,37.64251969,-77.58937101
510872004173,2024,37.62021188,-77.51377482
510872004173,2045,37.62021188,-77.51377482
510872004174,2024,37.52476492,-77.36151264
510872004174,2045,37.52476492,-77.36151264
510872004181,2024,37.69257608,-77.61955087
510872004181,2045,37.69257608,-77.61955087
510872004182,2024,37.692605,-77.61101022
510872004182,2045,37.692605,-77.61101022
510872004183,2024,37.53467496,-77.31207588
510872004183,2045,37.53467496,-77.31207588
510872005011,2024,37.67910821,-77.61252902
510872005011,2045,37.67910821,-77.61252902
510872005012,2024,37.5544866,-77.33386915
510872005012,2045,37.5544866,-77.33386915
510872005021,2024,37.54609378,-77.33676699
510872005021,2045,37.54609378,-77.33676699
510872005022,2024,37.67542085,-77.62907854
510872005022,2045,37.67542085,-77.62907854
510872005031,2024,37.602403,-77.43752685
510872005031,2045,37.602403,-77.43752685
510872005032,2024,37.68605511,-77.59333957
510872005032,2045,37.68605511,-77.59333957
510872005033,2024,37.64915139,-77.56806396
510872005033,2045,37.64915139,-77.56806396
510872006001,2024,37.55232924,-77.3587222
510872006001,2045,37.55232924,-77.3587222
510872006002,2024,37.67955789,-77.59620097
510872006002,2045,37.67955789,-77.59620097
510872006003,2024,37.53628266,-77.33413894
510872006003,2045,37.53628266,-77.33413894
510872006004,2024,37.54118832,-77.3472373
510872006004,2045,37.54118832,-77.3472373
510872007001,2024,37.66846492,-77.60678787
510872007001,2045,37.66846492,-77.60678787
510872007002,2024,37.67232301,-77.59448197
510872007002,2045,37.67232301,-77.59448197
510872007003,2024,37.60896867,-77.57558231
510872007003,2045,37.60896867,-77.57558231
510872007004,2024,37.6720699,-77.59013674
510872007004,2045,37.6720699,-77.59013674
510872008011,2024,37.656901,-77.5651142
510872008011,2045,37.656901,-77.5651142
510872008012,2024,37.67237055,-77.560116
510872008012,2045,37.67237055,-77.560116
510872008013,2024,37.65985382,-77.59218794
510872008013,2045,37.65985382,-77.59218794
510872008021,2024,37.54947282,-77.38054543
510872008021,2045,37.54947282,-77.38054543
510872008022,2024,37.65741486,-77.58269758
510872008022,2045,37.65741486,-77.58269758
510872008051,2024,37.65718407,-77.51157129
510872008051,2045,37.65718407,-77.51157129
510872008052,2024,37.65519659,-77.57399524
510872008052,2045,37.65519659,-77.57399524
510872008053,2024,37.64436811,-77.52598253
510872008053,2045,37.64436811,-77.52598253
510872008054,2024,37.56139221,-77.33175287
510872008054,2045,37.56139221,-77.33175287
510872008061,2024,37.49317563,-77.36852892
510872008061,2045,37.49317563,-77.36852892
510872008071,2024,37.64190211,-77.57307299
510872008071,2045,37.64190211,-77.57307299
510872008072,2024,37.62542692,-77.5638927
510872008072,2045,37.62542692,-77.5638927
510872008073,2024,37.64397806,-77.45567739
510872008073,2045,37.64397806,-77.45567739
510872008074,2024,37.59021408,-77.55781243
510872008074,2045,37.59021408,-77.55781243
510872009041,2024,37.59797171,-77.55637291
510872009041,2045,37.59797171,-77.55637291
510872009042,2024,37.58060292,-77.54951178
510872009042,2045,37.58060292,-77.54951178
510872009043,2024,37.58608551,-77.5421729
510872009043,2045,37.58608551,-77.5421729
510872009044,2024,37.59013269,-77.53957137
510872009044,2045,37.59013269,-77.53957137
510872009051,2024,37.59201042,-77.52510048
510872009051,2045,37.59201042,-77.52510048
510872009052,2024,37.59535127,-77.54060835
510872009052,2045,37.59535127,-77.54060835
510872009053,2024,37.57953208,-77.50541866
510872009053,2045,37.57953208,-77.50541866
510872009054,2024,37.58325836,-77.50180515
510872009054,2045,37.58325836,-77.50180515
510872009061,2024,37.68293464,-77.48818497
510872009061,2045,37.68293464,-77.48818497
510872009062,2024,37.52821644,-77.36626486
510872009062,2045,37.52821644,-77.36626486
510872009071,2024,37.52684778,-77.34614979
510872009071,2045,37.52684778,-77.34614979
510872009072,2024,37.58525788,-77.51566331
510872009072,2045,37.58525788,-77.51566331
510872009073,2024,37.59072475,-77.51220081
510872009073,2045,37.59072475,-77.51220081
510872009081,2024,37.60348155,-77.53250289
510872009081,2045,37.60348155,-77.53250289
510872009082,2024,37.61232125,-77.52711089
510872009082,2045,37.61232125,-77.52711089
510872010011,2024,37.40917292,-77.26306285
510872010011,2045,37.40917292,-77.26306285
510872010012,2024,37.62302824,-77.54332214
510872010012,2045,37.62302824,-77.54332214
510872010013,2024,37.60582718,-77.5045508
510872010013,2045,37.60582718,-77.5045508
510872010014,2024,37.61043785,-77.50108328
510872010014,2045,37.61043785,-77.50108328
510872010021,2024,37.64724306,-77.55800928
510872010021,2045,37.64724306,-77.55800928
510872010022,2024,37.64198921,-77.55326752
510872010022,2045,37.64198921,-77.55326752
510872010023,2024,37.62639967,-77.51829802
510872010023,2045,37.62639967,-77.51829802
510872010031,2024,37.63494782,-77.53380526
510872010031,2045,37.63494782,-77.53380526
510872010032,2024,37.6359208,-77.52493852
510872010032,2045,37.6359208,-77.52493852
510872010033,2024,37.50785951,-77.28986625
510872010033,2045,37.50785951,-77.28986625
510872011021,2024,37.63137774,-77.52487404
510872011021,2045,37.63137774,-77.52487404
510872011022,2024,37.63411888,-77.51636518
510872011022,2045,37.63411888,-77.51636518
510872011023,2024,37.68779362,-77.53483994
510872011023,2045,37.68779362,-77.53483994
510872011024,2024,37.5896042,-77.49650348
510872011024,2045,37.5896042,-77.49650348
510872011031,2024,37.57914432,-77.38087448
510872011031,2045,37.57914432,-77.38087448
510872011032,2024,37.65458959,-77.53861851
510872011032,2045,37.65458959,-77.53861851
510872011041,2024,37.66774667,-77.55059589
510872011041,2045,37.66774667,-77.55059589
510872011042,2024,37.65684872,-77.55693351
510872011042,2045,37.65684872,-77.55693351
510872012031,2024,37.67418316,-77.52200107
510872012031,2045,37.67418316,-77.52200107
510872012032,2024,37.55722395,-77.36632149
510872012032,2045,37.55722395,-77.36632149
510872012041,2024,37.49139193,-77.2514308
510872012041,2045,37.49139193,-77.2514308
510872012042,2024,37.61520389,-77.50685399
510872012042,2045,37.61520389,-77.50685399
510872012043,2024,37.61573008,-77.50151414
510872012043,2045,37.61573008,-77.50151414
510872012051,2024,37.61748332,-77.51826525
510872012051,2045,37.61748332,-77.51826525
510872012052,2024,37.54833849,-77.32453684
510872012052,2045,37.54833849,-77.32453684
510872012053,2024,37.53908068,-77.31240995
510872012053,2045,37.53908068,-77.31240995
510872012061,2024,37.60851136,-77.48898507
510872012061,2045,37.60851136,-77.48898507
510872012062,2024,37.58905357,-77.48403785
510872012062,2045,37.58905357,-77.48403785
510872014031,2024,37.62998887,-77.48901346
510872014031,2045,37.62998887,-77.48901346
510872014032,2024,37.59291345,-77.43356405
510872014032,2045,37.59291345,-77.43356405
510872014033,2024,37.49044845,-77.38526647
510872014033,2045,37.49044845,-77.38526647
510872014034,2024,37.61881445,-77.480837
510872014034,2045,37.61881445,-77.480837
510872014035,2024,37.61359504,-77.47986913
510872014035,2045,37.61359504,-77.47986913
510872014041,2024,37.60311696,-77.47476835
510872014041,2045,37.60311696,-77.47476835
510872014042,2024,37.61206455,-77.464294
510872014042,2045,37.61206455,-77.464294
510872014043,2024,37.63984986,-77.47145772
510872014043,2045,37.63984986,-77.47145772
510872014051,2024,37.59163655,-77.4173508
510872014051,2045,37.59163655,-77.4173508
510872014061,2024,37.6246426,-77.4531921
510872014061,2045,37.6246426,-77.4531921
510872014062,2024,37.61752274,-77.44795825
510872014062,2045,37.61752274,-77.44795825
510872014063,2024,37.60766364,-77.42623311
510872014063,2045,37.60766364,-77.42623311
510872014064,2024,37.60875843,-77.42654414
510872014064,2045,37.60875843,-77.42654414
510872015021,2024,37.61028399,-77.44424724
510872015021,2045,37.61028399,-77.44424724
510872015022,2024,37.67134736,-77.45596113
510872015022,2045,37.67134736,-77.45596113
510872015023,2024,37.54322358,-77.31862011
510872015023,2045,37.54322358,-77.31862011
510872015031,2024,37.63388788,-77.4421307
510872015031,2045,37.63388788,-77.4421307
510872015032,2024,37.64601519,-77.43871243
510872015032,2045,37.64601519,-77.43871243
510872015033,2024,37.64409411,-77.46818051
510872015033,2045,37.64409411,-77.46818051
510872015041,2024,37.66092537,-77.47811605
510872015041,2045,37.66092537,-77.47811605
510872015042,2024,37.64640285,-77.48991751
510872015042,2045,37.64640285,-77.48991751
510872015043,2024,37.65127224,-77.50176688
510872015043,2045,37.65127224,-77.50176688
510872016011,2024,37.57306324,-77.39288207
510872016011,2045,37.57306324,-77.39288207
510872016012,2024,37.66973961,-77.49553759
510872016012,2045,37.66973961,-77.49553759
510872016021,2024,37.57627285,-77.38748583
510872016021,2045,37.57627285,-77.38748583
510872016022,2024,37.65317955,-77.46524546
510872016022,2045,37.65317955,-77.46524546
510872016023,2024,37.50374004,-77.39885345
510872016023,2045,37.50374004,-77.39885345
510872016024,2024,37.56852565,-77.40582686
510872016024,2045,37.56852565,-77.40582686
510872017011,2024,37.56647638,-77.38942886
510872017011,2045,37.56647638,-77.38942886
510872017012,2024,37.55826945,-77.39328225
510872017012,2045,37.55826945,-77.39328225
510879801001,2024,37.55354855,-77.40314193
510879801001,2045,37.55354855,-77.40314193
511277001001,2024,37.40200388,-75.93835887
511277001001,2045,37.40200388,-75.93835887
511277001002,2024,37.28269138,-75.85503001
511277001002,2045,37.28269138,-75.85503001
511277001003,2024,37.9269148,-76.40131333
511277001003,2045,37.9269148,-76.40131333
511277002001,2024,37.0702228,-78.07700847
511277002001,2045,37.0702228,-78.07700847
511277002002,2024,38.00006448,-78.85857144
511277002002,2045,38.00006448,-78.85857144
511277002003,2024,37.80448306,-78.89647809
511277002003,2045,37.80448306,-78.89647809
511277002004,2024,37.80655196,-78.96314564
511277002004,2045,37.80655196,-78.96314564
511277003011,2024,37.84479269,-79.06154808
511277003011,2045,37.84479269,-79.06154808
511277003012,2024,37.72304002,-78.99802089
511277003012,2045,37.72304002,-78.99802089
511277003013,2024,37.4975515,-77.12719676
511277003013,2045,37.4975515,-77.12719676
511277003021,2024,37.55634096,-77.05490588
511277003021,2045,37.55634096,-77.05490588
511277003022,2024,37.4507395,-76.93556625
511277003022,2045,37.4507395,-76.93556625
511455001011,2024,37.62873796,-77.91857711
511455001011,2045,37.62873796,-77.91857711
511455001012,2024,37.58157494,-77.88984637
511455001012,2045,37.58157494,-77.88984637
511455001013,2024,37.55557882,-77.85894267
511455001013,2045,37.55557882,-77.85894267
511455001014,2024,37.51283142,-77.93182999
511455001014,2045,37.51283142,-77.93182999
511455001021,2024,37.51216318,-77.88153374
511455001021,2045,37.51216318,-77.88153374
511455001022,2024,37.51152811,-78.07965088
511455001022,2045,37.51152811,-78.07965088
511455001023,2024,37.55121251,-77.7068056
511455001023,2045,37.55121251,-77.7068056
511455002011,2024,37.58387497,-77.79382383
511455002011,2045,37.58387497,-77.79382383
511455002012,2024,37.53868412,-77.81813383
511455002012,2045,37.53868412,-77.81813383
511455002013,2024,37.64468663,-77.87953864
511455002013,2045,37.64468663,-77.87953864
511455002021,2024,37.54785306,-77.76295715
511455002021,2045,37.54785306,-77.76295715
511455002022,2024,37.49572859,-77.78412314
511455002022,2045,37.49572859,-77.78412314
511455003001,2024,37.59833042,-78.02809284
511455003001,2045,37.59833042,-78.02809284
511455004001,2024,37.48385097,-77.84916633
511455004001,2045,37.48385097,-77.84916633
511455004002,2024,37.44523186,-77.83189303
511455004002,2045,37.44523186,-77.83189303
511455004003,2024,37.51384459,-78.01256958
511455004003,2045,37.51384459,-78.01256958
517600102011,2024,36.85853716,-76.36963227
517600102011,2045,36.85853716,-76.36963227
517600102012,2024,36.84932104,-76.36866911
517600102012,2045,36.84932104,-76.36866911
517600102021,2024,36.84292205,-76.37362301
517600102021,2045,36.84292205,-76.37362301
517600102022,2024,36.84991392,-76.38546461
517600102022,2045,36.84991392,-76.38546461
517600103001,2024,36.8659969,-76.39647336
517600103001,2045,36.8659969,-76.39647336
517600104011,2024,37.14153381,-80.55606
517600104011,2045,37.14153381,-80.55606
517600104012,2024,37.12272492,-80.5445927
517600104012,2045,37.12272492,-80.5445927
517600104021,2024,37.13795541,-80.55090118
517600104021,2045,37.13795541,-80.55090118
517600104022,2024,37.13668343,-80.54172784
517600104022,2045,37.13668343,-80.54172784
517600104023,2024,37.13387308,-80.52533006
517600104023,2045,37.13387308,-80.52533006
517600105001,2024,37.11979717,-80.56699853
517600105001,2045,37.11979717,-80.56699853
517600105002,2024,37.10657262,-80.57101443
517600105002,2045,37.10657262,-80.57101443
517600106001,2024,37.11806976,-80.58574269
517600106001,2045,37.11806976,-80.58574269
517600107001,2024,37.13074139,-80.56940647
517600107001,2045,37.13074139,-80.56940647
517600107002,2024,37.12578756,-80.57765784
517600107002,2045,37.12578756,-80.57765784
517600107003,2024,37.59831799,-77.45107604
517600107003,2045,37.59831799,-77.45107604
517600108001,2024,37.58090693,-77.46756064
517600108001,2045,37.58090693,-77.46756064
517600108002,2024,37.5372375,-77.44077652
517600108002,2045,37.5372375,-77.44077652
517600108003,2024,37.59089179,-77.47152941
517600108003,2045,37.59089179,-77.47152941
517600109001,2024,37.59396815,-77.44335131
517600109001,2045,37.59396815,-77.44335131
517600109002,2024,37.55442594,-77.47106216
517600109002,2045,37.55442594,-77.47106216
517600109003,2024,37.5875314,-77.45770646
517600109003,2045,37.5875314,-77.45770646
517600109004,2024,37.58875454,-77.44852265
517600109004,2045,37.58875454,-77.44852265
517600110001,2024,37.58132497,-77.44603719
517600110001,2045,37.58132497,-77.44603719
517600110002,2024,37.57774265,-77.43820196
517600110002,2045,37.57774265,-77.43820196
517600110003,2024,37.571962,-77.44185716
517600110003,2045,37.571962,-77.44185716
517600111001,2024,37.57816815,-77.42912387
517600111001,2045,37.57816815,-77.42912387
517600111002,2024,37.57848947,-77.41792375
517600111002,2045,37.57848947,-77.41792375
517600111003,2024,37.57142072,-77.42171349
517600111003,2045,37.57142072,-77.42171349
517600111004,2024,37.57683152,-77.42353163
517600111004,2045,37.57683152,-77.42353163
517600201001,2024,37.56955325,-77.41326402
517600201001,2045,37.56955325,-77.41326402
517600202001,2024,37.56661799,-77.41774239
517600202001,2045,37.56661799,-77.41774239
517600202002,2024,37.56334139,-77.42155107
517600202002,2045,37.56334139,-77.42155107
517600203001,2024,37.55896092,-77.42012425
517600203001,2045,37.55896092,-77.42012425
517600203002,2024,37.5626786,-77.42676203
517600203002,2045,37.5626786,-77.42676203
517600204001,2024,37.55994005,-77.43232369
517600204001,2045,37.55994005,-77.43232369
517600204002,2024,37.54987282,-77.40880982
517600204002,2045,37.54987282,-77.40880982
517600204003,2024,37.56572599,-77.43315761
517600204003,2045,37.56572599,-77.43315761
517600204004,2024,37.56728733,-77.44269692
517600204004,2045,37.56728733,-77.44269692
517600204005,2024,37.56127418,-77.43996895
517600204005,2045,37.56127418,-77.43996895
517600205011,2024,37.55882321,-77.4433116
517600205011,2045,37.55882321,-77.4433116
517600205012,2024,37.56186137,-77.44968032
517600205012,2045,37.56186137,-77.44968032
517600205021,2024,37.55463571,-77.41812601
517600205021,2045,37.55463571,-77.41812601
517600205022,2024,37.54624283,-77.40059686
517600205022,2045,37.54624283,-77.40059686
517600205023,2024,37.54080031,-77.40524902
517600205023,2045,37.54080031,-77.40524902
517600206001,2024,37.53464022,-77.41805206
517600206001,2045,37.53464022,-77.41805206
517600206002,2024,37.54296279,-77.41035248
517600206002,2045,37.54296279,-77.41035248
517600207001,2024,37.54210803,-77.41676135
517600207001,2045,37.54210803,-77.41676135
517600207002,2024,37.54675459,-77.42133572
517600207002,2045,37.54675459,-77.42133572
517600208001,2024,37.5462983,-77.41303153
517600208001,2045,37.5462983,-77.41303153
517600208002,2024,37.54598838,-77.42390518
517600208002,2045,37.54598838,-77.42390518
517600209001,2024,37.55079353,-77.42030288
517600209001,2045,37.55079353,-77.42030288
517600209002,2024,37.5435676,-77.45168513
517600209002,2045,37.5435676,-77.45168513
517600209003,2024,37.53896329,-77.42434349
517600209003,2045,37.53896329,-77.42434349
517600209004,2024,37.53595271,-77.39488228
517600209004,2045,37.53595271,-77.39488228
517600210001,2024,37.52939589,-77.42433232
517600210001,2045,37.52939589,-77.42433232
517600210002,2024,37.5368987,-77.42068639
517600210002,2045,37.5368987,-77.42068639
517600211001,2024,37.53595335,-77.40966403
517600211001,2045,37.53595335,-77.40966403
517600212001,2024,37.55539706,-77.46440668
517600212001,2045,37.55539706,-77.46440668
517600301001,2024,37.55699825,-77.46311328
517600301001,2045,37.55699825,-77.46311328
517600301002,2024,37.53424335,-77.42420491
517600301002,2045,37.53424335,-77.42420491
517600302001,2024,37.52619121,-77.41233463
517600302001,2045,37.52619121,-77.41233463
517600302002,2024,37.56104989,-77.47509517
517600302002,2045,37.56104989,-77.47509517
517600302003,2024,37.56356174,-77.48229724
517600302003,2045,37.56356174,-77.48229724
517600302004,2024,37.53212031,-77.4233401
517600302004,2045,37.53212031,-77.4233401
517600305011,2024,37.53265246,-77.4142455
517600305011,2045,37.53265246,-77.4142455
517600305012,2024,37.53823241,-77.41368184
517600305012,2045,37.53823241,-77.41368184
517600305013,2024,37.52907862,-77.41122765
517600305013,2045,37.52907862,-77.41122765
517600305021,2024,37.52901048,-77.40458758
517600305021,2045,37.52901048,-77.40458758
517600305022,2024,37.55317687,-77.4574374
517600305022,2045,37.55317687,-77.4574374
517600402011,2024,37.53368412,-77.40619502
517600402011,2045,37.53368412,-77.40619502
517600402012,2024,37.52886662,-77.39802834
517600402012,2045,37.52886662,-77.39802834
517600402021,2024,37.52224834,-77.39680854
517600402021,2045,37.52224834,-77.39680854
517600402022,2024,37.51934958,-77.40726373
517600402022,2045,37.51934958,-77.40726373
517600403001,2024,37.55189165,-77.43224638
517600403001,2045,37.55189165,-77.43224638
517600403002,2024,37.55318708,-77.43837885
517600403002,2045,37.55318708,-77.43837885
517600404001,2024,37.51121456,-77.39996636
517600404001,2045,37.51121456,-77.39996636
517600404002,2024,37.55257194,-77.47926588
517600404002,2045,37.55257194,-77.47926588
517600404003,2024,37.5460967,-77.46959986
517600404003,2045,37.5460967,-77.46959986
517600405001,2024,37.54920212,-77.43730183
517600405001,2045,37.54920212,-77.43730183
517600405002,2024,37.5434409,-77.43229408
517600405002,2045,37.5434409,-77.43229408
517600405003,2024,37.549397,-77.44337208
517600405003,2045,37.549397,-77.44337208
517600405004,2024,37.54641523,-77.44657837
517600405004,2045,37.54641523,-77.44657837
517600406001,2024,37.54397962,-77.44580881
517600406001,2045,37.54397962,-77.44580881
517600406002,2024,37.54734031,-77.45201031
517600406002,2045,37.54734031,-77.45201031
517600407001,2024,37.54651073,-77.43970562
517600407001,2045,37.54651073,-77.43970562
517600407002,2024,37.56853059,-77.4891444
517600407002,2045,37.56853059,-77.4891444
517600408001,2024,37.54210903,-77.44175785
517600408001,2045,37.54210903,-77.44175785
517600409001,2024,37.53285586,-77.43511809
517600409001,2045,37.53285586,-77.43511809
517600409002,2024,37.56444992,-77.46024459
517600409002,2045,37.56444992,-77.46024459
517600410001,2024,37.55437543,-77.44949558
517600410001,2045,37.55437543,-77.44949558
517600410002,2024,37.55164598,-77.44905022
517600410002,2045,37.55164598,-77.44905022
517600411001,2024,37.55101942,-77.45603371
517600411001,2045,37.55101942,-77.45603371
517600411002,2024,37.57137404,-77.47050527
517600411002,2045,37.57137404,-77.47050527
517600411003,2024,37.54963911,-77.45905148
517600411003,2045,37.54963911,-77.45905148
517600411004,2024,37.5598493,-77.46998075
517600411004,2045,37.5598493,-77.46998075
517600412001,2024,37.55741124,-77.46905683
517600412001,2045,37.55741124,-77.46905683
517600413001,2024,37.56240579,-77.47306834
517600413001,2045,37.56240579,-77.47306834
517600413002,2024,37.5632079,-77.47832238
517600413002,2045,37.5632079,-77.47832238
517600414001,2024,37.5563696,-77.48543129
517600414001,2045,37.5563696,-77.48543129
517600414002,2024,37.55222915,-77.46491314
517600414002,2045,37.55222915,-77.46491314
517600416001,2024,37.54592502,-77.45861025
517600416001,2045,37.54592502,-77.45861025
517600501001,2024,37.54833668,-77.46486453
517600501001,2045,37.54833668,-77.46486453
517600501002,2024,37.5509949,-77.47518041
517600501002,2045,37.5509949,-77.47518041
517600501003,2024,37.55000508,-77.47135509
517600501003,2045,37.55000508,-77.47135509
517600502001,2024,37.53908922,-77.45122481
517600502001,2045,37.53908922,-77.45122481
517600502002,2024,37.51352356,-77.43835835
517600502002,2045,37.51352356,-77.43835835
517600502003,2024,37.54150907,-77.47015032
517600502003,2045,37.54150907,-77.47015032
517600503001,2024,37.54192556,-77.48292622
517600503001,2045,37.54192556,-77.48292622
517600504001,2024,37.57269519,-77.48195498
517600504001,2045,37.57269519,-77.48195498
517600504002,2024,37.56376209,-77.4866911
517600504002,2045,37.56376209,-77.4866911
517600505001,2024,37.5764864,-77.4938011
517600505001,2045,37.5764864,-77.4938011
517600505002,2024,37.56508841,-77.49310162
517600505002,2045,37.56508841,-77.49310162
517600505003,2024,37.5698562,-77.49890782
517600505003,2045,37.5698562,-77.49890782
517600506001,2024,37.5746771,-77.50743873
517600506001,2045,37.5746771,-77.50743873
517600506002,2024,37.57135308,-77.51334964
517600506002,2045,37.57135308,-77.51334964
517600602001,2024,37.58319417,-77.52341059
517600602001,2045,37.58319417,-77.52341059
517600602002,2024,37.57547348,-77.52843851
517600602002,2045,37.57547348,-77.52843851
517600602003,2024,37.57672101,-77.54070824
517600602003,2045,37.57672101,-77.54070824
517600604001,2024,37.55622063,-77.49840795
517600604001,2045,37.55622063,-77.49840795
517600604002,2024,37.50633391,-77.46452615
517600604002,2045,37.50633391,-77.46452615
517600604003,2024,37.50919418,-77.46738193
517600604003,2045,37.50919418,-77.46738193
517600604004,2024,37.52407155,-77.4778707
517600604004,2045,37.52407155,-77.4778707
517600604005,2024,37.52417196,-77.44548419
517600604005,2045,37.52417196,-77.44548419
517600605011,2024,37.52669267,-77.43915203
517600605011,2045,37.52669267,-77.43915203
517600605012,2024,37.55282005,-77.55723027
517600605012,2045,37.55282005,-77.55723027
517600605013,2024,37.54688209,-77.56932317
517600605013,2045,37.54688209,-77.56932317
517600605021,2024,37.53968685,-77.51335143
517600605021,2045,37.53968685,-77.51335143
517600605022,2024,37.55214454,-77.52921571
517600605022,2045,37.55214454,-77.52921571
517600605023,2024,37.50292823,-77.49890273
517600605023,2045,37.50292823,-77.49890273
517600606001,2024,37.50221205,-77.47665902
517600606001,2045,37.50221205,-77.47665902
517600606002,2024,37.48339472,-77.51291015
517600606002,2045,37.48339472,-77.51291015
517600606003,2024,37.49521067,-77.51521687
517600606003,2045,37.49521067,-77.51521687
517600607001,2024,37.48521008,-77.49102654
517600607001,2045,37.48521008,-77.49102654
517600607002,2024,37.46584107,-77.49402875
517600607002,2045,37.46584107,-77.49402875
517600607003,2024,37.49371511,-77.46674276
517600607003,2045,37.49371511,-77.46674276
517600607004,2024,37.48722652,-77.45657146
517600607004,2045,37.48722652,-77.45657146
517600607005,2024,37.51553411,-77.51817835
517600607005,2045,37.51553411,-77.51817835
517600608001,2024,37.50907279,-77.51914562
517600608001,2045,37.50907279,-77.51914562
517600608002,2024,37.50729385,-77.52316138
517600608002,2045,37.50729385,-77.52316138
517600608003,2024,37.52363798,-77.52067271
517600608003,2045,37.52363798,-77.52067271
517600608004,2024,37.31790727,-79.92531225
517600608004,2045,37.31790727,-79.92531225
517600609001,2024,37.2957606,-79.92430105
517600609001,2045,37.2957606,-79.92430105
517600610011,2024,37.27608511,-79.97425114
517600610011,2045,37.27608511,-79.97425114
517600610012,2024,37.29701364,-79.96534574
517600610012,2045,37.29701364,-79.96534574
517600610013,2024,37.24977361,-79.93611044
517600610013,2045,37.24977361,-79.93611044
517600610021,2024,37.24837723,-79.95201354
517600610021,2045,37.24837723,-79.95201354
517600610022,2024,37.25335512,-79.97002608
517600610022,2045,37.25335512,-79.97002608
517600610023,2024,37.27276632,-80.02716659
517600610023,2045,37.27276632,-80.02716659
517600701001,2024,38.15156521,-79.09128922
517600701001,2045,38.15156521,-79.09128922
517600701002,2024,38.15092046,-79.10473326
517600701002,2045,38.15092046,-79.10473326
517600701003,2024,38.1421073,-79.0945282
517600701003,2045,38.1421073,-79.0945282
517600701004,2024,38.17318985,-79.09904554
517600701004,2045,38.17318985,-79.09904554
517600703001,2024,38.15915105,-79.08853249
517600703001,2045,38.15915105,-79.08853249
517600703002,2024,38.18025924,-79.08114173
517600703002,2045,38.18025924,-79.08114173
517600704001,2024,38.17110445,-79.07920071
517600704001,2045,38.17110445,-79.07920071
517600704002,2024,38.18146557,-79.04690645
517600704002,2045,38.18146557,-79.04690645
517600704003,2024,38.16568807,-79.07140475
517600704003,2045,38.16568807,-79.07140475
517600706011,2024,38.16409656,-79.03380315
517600706011,2045,38.16409656,-79.03380315
517600706012,2024,36.73327919,-76.56280277
517600706012,2045,36.73327919,-76.56280277
517600706013,2024,36.72785995,-76.56676159
517600706013,2045,36.72785995,-76.56676159
517600706014,2024,36.88955407,-76.50466786
517600706014,2045,36.88955407,-76.50466786
517600706021,2024,36.82831974,-76.58513374
517600706021,2045,36.82831974,-76.58513374
517600706022,2024,36.86251779,-76.5806375
517600706022,2045,36.86251779,-76.5806375
517600707001,2024,36.7480981,-76.60251475
517600707001,2045,36.7480981,-76.60251475
517600707002,2024,36.77307667,-76.57765564
517600707002,2045,36.77307667,-76.57765564
517600707003,2024,36.7549226,-76.63241923
517600707003,2045,36.7549226,-76.63241923
517600708021,2024,36.74129417,-76.71361042
517600708021,2045,36.74129417,-76.71361042
517600708022,2024,36.79106513,-76.49508475
517600708022,2045,36.79106513,-76.49508475
517600708031,2024,36.72213237,-76.549757
517600708031,2045,36.72213237,-76.549757
517600708032,2024,36.62089585,-76.55891378
517600708032,2045,36.62089585,-76.55891378
517600708041,2024,36.67219534,-76.62630738
517600708041,2045,36.67219534,-76.62630738
517600708042,2024,36.69942968,-76.69121498
517600708042,2045,36.69942968,-76.69121498
517600708043,2024,36.58466939,-76.84026408
517600708043,2045,36.58466939,-76.84026408
517600709011,2024,36.68435469,-76.81245741
517600709011,2045,36.68435469,-76.81245741
517600709012,2024,36.86623241,-76.1854066
517600709012,2045,36.86623241,-76.1854066
517600709013,2024,37.50766878,-77.47554621
517600709013,2045,37.50766878,-77.47554621
517600709021,2024,37.5132649,-77.46980692
517600709021,2045,37.5132649,-77.46980692
517600709022,2024,37.52257044,-77.46143526
517600709022,2045,37.52257044,-77.46143526
517600709023,2024,37.52508934,-77.4538248
517600709023,2045,37.52508934,-77.4538248
517600710021,2024,37.51912298,-77.46252671
517600710021,2045,37.51912298,-77.46252671
517600710022,2024,37.49662459,-77.45828459
517600710022,2045,37.49662459,-77.45828459
517600710031,2024,37.518329,-77.46812213
517600710031,2045,37.518329,-77.46812213
517600710032,2024,37.4671845,-77.46107246
517600710032,2045,37.4671845,-77.46107246
517600710041,2024,37.51214806,-77.48141144
517600710041,2045,37.51214806,-77.48141144
517600710042,2024,37.51552906,-77.48352923
517600710042,2045,37.51552906,-77.48352923
517600711001,2024,37.48269243,-77.47053772
517600711001,2045,37.48269243,-77.47053772
517600711002,2024,37.51961999,-77.48615826
517600711002,2045,37.51961999,-77.48615826
517600711003,2024,37.52101912,-77.49205725
517600711003,2045,37.52101912,-77.49205725
517600711004,2024,37.52953095,-77.49129975
517600711004,2045,37.52953095,-77.49129975
